Продукт,Калорийность,Белки,Жиры,Углеводы
1 Кусок [Ростик'c - KFC],130 кКал,"9,8 г","6,8 г","7,5 г"
1 КУСОК КУРИЦЫ 1/53г (порция 53 гр) [Ростик'c - KFC],"130,2 кКал","9,8 г","6,8 г","7,5 г"
2 КУСКА КУРИЦЫ 2/53г (порция 106 гр) [Ростик'c - KFC],"260,3 кКал","19,6 г","13,6 г","14,9 г"
2 Стрипса Оригинальные [Ростик'c - KFC],162 кКал,"13,7 г","8,5 г","7,7 г"
2 СТРИПСА оригинальные 2/28г (порция 56 гр) [Ростик'c - KFC],"162,2 кКал","13,7 г","8,5 г","7,7 г"
2 Стрипса Острые [Ростик'c - KFC],137 кКал,"12,5 г","5,8 г","8,8 г"
2 Стрипса Острые [Ростик'c - KFC],245 кКал,"22,3 г","10,3 г","15,8 г"
2 СТРИПСА острые 2/28г (порция 56 гр) [Ростик'c - KFC],"137,3 кКал","12,5 г","5,8 г","8,8 г"
3 Крылышка [Ростик'c - KFC],254 кКал,"13,4 г","16,8 г","12,5 г"
3 КУСКА КУРИЦЫ 3/53г (порция 159 гр) [Ростик'c - KFC],"390,5 кКал","29,4 г","20,4 г","22,4 г"
3 Стрипса Оригинальные [Ростик'c - KFC],243 кКал,"20,6 г","12,8 г","11,5 г"
3 СТРИПСА оригинальные 3/28г (порция 84 гр) [Ростик'c - KFC],"243,3 кКал","20,6 г","12,8 г","11,5 г"
3 СТРИПСА острые 3/28г (порция 84 гр) [Ростик'c - KFC],"205,9 кКал","18,7 г","8,7 г","13,3 г"
3 Стрипса Острых [Ростик'c - KFC],206 кКал,"18,7 г","8,7 г","13,3 г"
5 За 300 [Ростик'c - KFC],796 кКал,"25,5 г",142 г,99 г
5 Крыльев [Ростик'c - KFC],424 кКал,"22,4 г","27,9 г","20,8 г"
5 СТРИПСОВ оригинальные 5/28г (порция 140 гр) [Ростик'c - KFC],"405,4 кКал","34,3 г","21,3 г","19,2 г"
5 СТРИПСОВ острые 5/28г (порция 140 гр) [Ростик'c - KFC],"343,1 кКал","31,2 г","14,4 г","22,1 г"
6 Стрипса Острых [Ростик'c - KFC],412 кКал,"37,5 г","17,3 г","26,5 г"
6 Стрипсов Оригинальные [Ростик'c - KFC],388 кКал,"40,8 г","14,4 г","23,8 г"
7Up Мохито [Ростик'c - KFC],45 кКал,0 г,0 г,11 г
8 Крылышек [Ростик'c - KFC],678 кКал,"35,9 г","44,7 г","33,3 г"
I-Twister [Ростик'c - KFC],267 кКал,"10,5 г","12,3 г","28,7 г"
I-Twister Cheese [Ростик'c - KFC],256 кКал,"9,7 г","13,7 г","23,3 г"
KFC БАСКЕТ ФРИ (порция 240 гр) [Ростик'c - KFC],"662,4 кКал","9,1 г","37,2 г","72,2 г"
KFC ВАФЛЯ БЕЛЬГИЙСКАЯ (порция 90 гр) [Ростик'c - KFC],"402,3 кКал","4,1 г","21,2 г","49,1 г"
KFC ВАФЛЯ БЕЛЬГИЙСКАЯ С МОРОЖЕНЫМ (порция 130 гр) [Ростик'c - KFC],416 кКал,"5,3 г","20,2 г","53,2 г"
KFC ВАФЛЯ БЕЛЬГИЙСКАЯ С МОРОЖЕНЫМ И ТОППИНГОМ клубничным (порция 140 гр) [Ростик'c - KFC],"480,2 кКал","5,6 г","22,8 г","63,4 г"
KFC ВАФЛЯ БЕЛЬГИЙСКАЯ С МОРОЖЕНЫМ И ТОППИНГОМ мокка-карамель (порция 140 гр) [Ростик'c - KFC],"487,2 кКал","5,6 г","22,8 г","65,1 г"
KFC ВАФЛЯ БЕЛЬГИЙСКАЯ С МОРОЖЕНЫМ И ТОППИНГОМ шоколадным (порция 140 гр) [Ростик'c - KFC],"484,4 кКал","5,7 г","22,8 г",64 г
KFC ВАФЛЯ БЕЛЬГИЙСКАЯ С ТОППИНГОМ:клубничным (порция 100 гр) [Ростик'c - KFC],425 кКал,"4,1 г","21,2 г","54,5 г"
KFC ВАФЛЯ БЕЛЬГИЙСКАЯ С ТОППИНГОМ:мокка-карамель (порция 100 гр) [Ростик'c - KFC],432 кКал,"4,1 г","21,2 г","56,3 г"
KFC ВАФЛЯ БЕЛЬГИЙСКАЯ С ТОППИНГОМ:шоколадным (порция 100 гр) [Ростик'c - KFC],428 кКал,"4,2 г","21,3 г","55,1 г"
KFC ГЛЯСЕ (порция 260 гр) [Ростик'c - KFC],"83,2 кКал","2,3 г","2,3 г","13,3 г"
KFC ГОРЯЧИЙ ШОКОЛАД (порция 230 гр) [Ростик'c - KFC],"73,6 кКал","2,1 г","2,1 г","11,7 г"
KFC КАПУЧИНО (порция 200 гр) [Ростик'c - KFC],64 кКал,"4,4 г","2,2 г","6,6 г"
KFC КАРТОФЕЛЬ ФРИ мал. (порция 70 гр) [Ростик'c - KFC],"193,2 кКал","2,7 г","10,9 г","21,1 г"
KFC КАРТОФЕЛЬ ФРИ станд. (порция 120 гр) [Ростик'c - KFC],"331,2 кКал","4,6 г","18,6 г","36,1 г"
"KFC КОКА-КОЛА ЛАЙТ/ ПЕПСИ-КОЛА ЛАЙТ Большой 0,75л (порция 750 гр) [Ростик'c - KFC]","1,5 кКал",0 г,0 г,"0,8 г"
"KFC КОКА-КОЛА ЛАЙТ/ ПЕПСИ-КОЛА ЛАЙТ Детский 0,3л (порция 300 гр) [Ростик'c - KFC]","0,6 кКал",0 г,0 г,"0,3 г"
"KFC КОКА-КОЛА ЛАЙТ/ ПЕПСИ-КОЛА ЛАЙТ Малый 0,4л (порция 400 гр) [Ростик'c - KFC]","0,8 кКал",0 г,0 г,"0,4 г"
"KFC КОКА-КОЛА ЛАЙТ/ ПЕПСИ-КОЛА ЛАЙТ Стандарт 0,5л (порция 500 гр) [Ростик'c - KFC]",1 кКал,0 г,0 г,"0,5 г"
"KFC КОКА-КОЛА/ПЕПСИ-КОЛА Большой 0,75л (порция 750 гр) [Ростик'c - KFC]",315 кКал,0 г,0 г,"82,5 г"
"KFC КОКА-КОЛА/ПЕПСИ-КОЛА Детский 0,3л (порция 300 гр) [Ростик'c - KFC]",126 кКал,0 г,0 г,33 г
"KFC КОКА-КОЛА/ПЕПСИ-КОЛА Малый 0,4л (порция 400 гр) [Ростик'c - KFC]",168 кКал,0 г,0 г,44 г
"KFC КОКА-КОЛА/ПЕПСИ-КОЛА Стандарт 0,5л (порция 500 гр) [Ростик'c - KFC]",210 кКал,0 г,0 г,55 г
"KFC КОФЕ ГЛЯСЕ 0,2 ЗЕРНОВОЙ (порция 260 гр) [Ростик'c - KFC]","83,2 кКал","2,3 г","2,3 г","13,3 г"
"KFC КОФЕ КАПУЧИНО 0,2 ЗЕРНОВОЙ (порция 150 гр) [Ростик'c - KFC]","61,5 кКал","2,9 г","3,5 г","4,7 г"
"KFC КОФЕ КАПУЧИНО 0,3 ЗЕРНОВОЙ (порция 190 гр) [Ростик'c - KFC]","74,1 кКал","3,4 г","4,2 г","5,7 г"
"KFC КОФЕ ЛАТТЕ 0,3 ЗЕРНОВОЙ (порция 250 гр) [Ростик'c - KFC]","122,5 кКал","5,5 г",7 г,"9,5 г"
KFC КУКУРУЗА (порция 94 гр) [Ростик'c - KFC],"104,3 кКал","1,8 г","4,2 г","14,9 г"
KFC ЛАТТЕ (порция 300 гр) [Ростик'c - KFC],129 кКал,9 г,"4,5 г","13,2 г"
KFC МОРОЖЕНОЕ (порция 120 гр) [Ростик'c - KFC],168 кКал,"4,7 г","4,8 г","26,5 г"
KFC МОРОЖЕНОЕ В РОЖКЕ (порция 85 гр) [Ростик'c - KFC],"130,9 кКал","3,7 г","3,3 г","21,5 г"
KFC САЛАТ ВЕДЖИ (порция 200 гр) [Ростик'c - KFC],54 кКал,2 г,"2,6 г","5,4 г"
KFC Салат Коул Слоу (порция 130 гр) [Ростик'c - KFC],"158,6 кКал","1,8 г","10,3 г","14,7 г"
KFC САЛАТ ЦЕЗАРЬ (порция 211 гр) [Ростик'c - KFC],"335,5 кКал","22,2 г","19,2 г","18,4 г"
KFC Салат ЦЕЗАРЬ овощной (порция 155 гр) [Ростик'c - KFC],"173,6 кКал","8,5 г","10,7 г","10,7 г"
"KFC СПРАЙТ/ 7UP Большой 0,75л (порция 750 гр) [Ростик'c - KFC]","217,5 кКал",0 г,0 г,"52,5 г"
"KFC СПРАЙТ/ 7UP Детский 0,3л (порция 300 гр) [Ростик'c - KFC]",87 кКал,0 г,0 г,21 г
"KFC СПРАЙТ/ 7UP Малый 0,4л (порция 400 гр) [Ростик'c - KFC]",116 кКал,0 г,0 г,28 г
"KFC СПРАЙТ/ 7UP Стандарт 0,5л (порция 500 гр) [Ростик'c - KFC]",145 кКал,0 г,0 г,35 г
KFC топпинг клубничный (порция 15 гр) [Ростик'c - KFC],"33,5 кКал",0 г,0 г,"8,2 г"
KFC топпинг мокка-карамель (порция 15 гр) [Ростик'c - KFC],"43,1 кКал",0 г,0 г,"10,8 г"
KFC топпинг шоколадный (порция 15 гр) [Ростик'c - KFC],"38,6 кКал","0,2 г","0,2 г","9,1 г"
"KFC ФАНТА/ МИРИНДА Большой 0,75л (порция 750 гр) [Ростик'c - KFC]","232,5 кКал",0 г,0 г,"56,3 г"
"KFC ФАНТА/ МИРИНДА Детский 0,3л (порция 300 гр) [Ростик'c - KFC]",93 кКал,0 г,0 г,"22,5 г"
"KFC ФАНТА/ МИРИНДА Малый 0,4л (порция 400 гр) [Ростик'c - KFC]",124 кКал,0 г,0 г,30 г
"KFC ФАНТА/ МИРИНДА Стандарт 0,5л (порция 500 гр) [Ростик'c - KFC]",155 кКал,0 г,0 г,"37,5 г"
KFC ЧИЗКЕЙК С ИЗЮМОМ (порция 104 гр) [Ростик'c - KFC],"283,9 кКал","7,7 г","13,4 г","32,7 г"
KFC ЧИЗКЕЙК С КЛУБНИЧНЫМ ТОППИНГОМ (порция 114 гр) [Ростик'c - KFC],"304,4 кКал","7,8 г","13,5 г","38,1 г"
KFC ЧИЗКЕЙК С ТОППИНГОМ МОККА-КАРАМЕЛЬ (порция 114 гр) [Ростик'c - KFC],"311,2 кКал","7,8 г","13,5 г","39,9 г"
KFC ЧИЗКЕЙК С ШОКОЛАДНЫМ ТОППИНГОМ (порция 114 гр) [Ростик'c - KFC],"307,8 кКал","7,9 г","13,6 г","38,6 г"
Азиатский Твистер [Ростик'c - KFC],462 кКал,"21,8 г",18 г,"53,1 г"
Ай-Твистер Новый [Ростик'c - KFC],230 кКал,"10,8 г","9,7 г","24,8 г"
Ай-Твистер Русс [Ростик'c - KFC],259 кКал,"10,4 г","13,3 г","24,3 г"
Ай-Твистер Терияки [Ростик'c - KFC],224 кКал,"9,7 г","7,6 г","29,4 г"
Ай-Твистер Чиз [Ростик'c - KFC],245 кКал,"11,4 г","11,9 г","23,1 г"
Ай-Твистер Чизз-BBQ [Ростик'c - KFC],229 кКал,"11,5 г","8,8 г","25,9 г"
Американо [Ростик'c - KFC],17 кКал,"0,2 г","0,5 г","2,9 г"
Американо [Ростик'c - KFC],78 кКал,"0,6 г","1,5 г","15,6 г"
Байтс [Ростик'c - KFC],268 кКал,"23,5 г","11,9 г","16,6 г"
Байтс Терияки [Ростик'c - KFC],296 кКал,19 г,"11,3 г","29,8 г"
Байтсы [Ростик'c - KFC],220 кКал,"20,8 г","11,5 г","8,4 г"
Байтсы [Ростик'c - KFC],220 кКал,"20,8 г","11,5 г","8,4 г"
Байтсы Большие [Ростик'c - KFC],767 кКал,"61,7 г","39,9 г","40,2 г"
Байтсы из Куриного Филе [Ростик'c - KFC],256 кКал,"20,6 г","13,3 г","13,4 г"
Байтсы из Куриного Филе Острые [Ростик'c - KFC],804 кКал,"70,5 г","35,7 г","49,8 г"
Байтсы из Куриного Филе с Соусом Барбекю [Ростик'c - KFC],240 кКал,"17,5 г","8,9 г","22,3 г"
Байтсы Малые [Ростик'c - KFC],243 кКал,"19,5 г","12,6 г","12,7 г"
Байтсы Средние [Ростик'c - KFC],220 кКал,"20,8 г","11,5 г","8,4 г"
Байтсы Терияки [Ростик'c - KFC],301 кКал,"16,9 г","12,3 г","30,7 г"
Баскет 16 Крыльев [Ростик'c - KFC],1432 кКал,"88,8 г","79,9 г","88,9 г"
Баскет 25 Крыльев [Ростик'c - KFC],2029 кКал,"118,5 г","131,2 г","93,5 г"
Баскет L [Ростик'c - KFC],2280 кКал,147 г,156 г,"73,5 г"
Баскет S [Ростик'c - KFC],1064 кКал,"68,6 г","72,8 г","34,3 г"
Баскет Дуэт [Ростик'c - KFC],1625 кКал,"111,8 г","95,6 г","78,9 г"
Баскет Дуэт Оригинальный [Ростик'c - KFC],1310 кКал,70 г,75 г,89 г
Баскет Дуэт с Оригинальными Стрипсами [Ростик'c - KFC],309 кКал,"21,2 г","17,6 г","16,6 г"
Баскет Дуэт с Острыми Стрипсами [Ростик'c - KFC],1170 кКал,"76,3 г","62,6 г","75,1 г"
Баскет От Шефа [Ростик'c - KFC],681 кКал,"49,4 г","38,4 г","34,4 г"
Баскет Фри [Ростик'c - KFC],552 кКал,"7,6 г",31 г,"60,2 г"
Бельгийская Вафля [Ростик'c - KFC],402 кКал,"4,1 г","21,2 г","49,1 г"
БИГГЕР оригинальный (порция 258 гр) [Ростик'c - KFC],"619,2 кКал",33 г,"28,4 г","58,3 г"
Биггер Оригинальный [Ростик'c - KFC],622 кКал,"32,9 г","28,2 г","58,5 г"
БИГГЕР острый (порция 258 гр) [Ростик'c - KFC],"580,5 кКал","31,2 г","24,3 г","59,9 г"
Биггер Острый [Ростик'c - KFC],583 кКал,"31,1 г","24,1 г","60,1 г"
Блинчики [Ростик'c - KFC],205 кКал,8 г,"4,7 г","32,9 г"
Боксмастер без Соуса [Ростик'c - KFC],285 кКал,"20,6 г",10 г,"50,7 г"
БОКСМАСТЕР ИЗ ТОСТЕРА оригинальный (порция 253 гр) [Ростик'c - KFC],"690,7 кКал","21,5 г","41,7 г","57,4 г"
Боксмастер из Тостера Оригинальный [Ростик'c - KFC],614 кКал,"23,4 г","38,4 г","43,8 г"
БОКСМАСТЕР ИЗ ТОСТЕРА острый (порция 253 гр) [Ростик'c - KFC],"708,4 кКал","22,8 г","44,5 г","53,9 г"
Боксмастер из Тостера Острый [Ростик'c - KFC],653 кКал,"21,8 г","42,2 г","46,9 г"
Боксмастер Оригинальный [Ростик'c - KFC],629 кКал,27 г,"38,4 г","43,9 г"
Боксмастер Оригинальный [Ростик'c - KFC],620 кКал,"9,3 г","12,5 г","20,8 г"
Боксмастер Острый [Ростик'c - KFC],267 кКал,"9,9 г","15,1 г","22,8 г"
Боксмастер Терияки [Ростик'c - KFC],250 кКал,"10,8 г","12,8 г","22,9 г"
Боксмастер Утренний [Ростик'c - KFC],224 кКал,"11,4 г","11,1 г","19,8 г"
Боксмастер Чизз-Бекон [Ростик'c - KFC],633 кКал,"24,3 г","40,3 г","43,4 г"
Брейкер [Ростик'c - KFC],322 кКал,"15,6 г","15,4 г","30,5 г"
Бургер Русс [Ростик'c - KFC],319 кКал,19 г,"13,9 г","29,6 г"
Бустер [Ростик'c - KFC],219 кКал,"12,6 г","10,1 г","19,5 г"
Ванильный Дюшес [Ростик'c - KFC],182 кКал,0 г,0 г,"45,5 г"
Дабл Чикен [Ростик'c - KFC],324 кКал,"26,8 г","14,5 г","21,3 г"
Дабл Чикен Кентукки BBQ [Ростик'c - KFC],222 кКал,"18,9 г","10,4 г","13,2 г"
Дабл Шефбургер [Ростик'c - KFC],569 кКал,"37,6 г","24,9 г","48,7 г"
Двойной Тёмный Бургер [Ростик'c - KFC],1033 кКал,"57,9 г","54,5 г","77,6 г"
Донат Клубничный [Ростик'c - KFC],417 кКал,"4,8 г",24 г,47 г
Донат Яблоко-Корица [Ростик'c - KFC],378 кКал,"4,7 г",18 г,48 г
Зингер [Ростик'c - KFC],363 кКал,"18,2 г","16,8 г","34,9 г"
"ЗОЛОТОЙ ФАЗАН 0,3л (порция 300 гр) [Ростик'c - KFC]",138 кКал,0 г,0 г,"14,1 г"
Итальянский Салат Ролл [Ростик'c - KFC],431 кКал,19 г,19 г,"45,4 г"
Капучино [Ростик'c - KFC],49 кКал,"1,9 г","1,1 г","7,8 г"
"Капучино 0,4 [Ростик'c - KFC]",128 кКал,"5,1 г","2,8 г","19,9 г"
Картофель по-Деревенски [Ростик'c - KFC],265 кКал,3 г,"17,4 г","24,2 г"
Картофель по-Деревенски Малый [Ростик'c - KFC],212 кКал,"2,4 г","13,9 г","19,4 г"
Картофель Фри [Ростик'c - KFC],276 кКал,"3,8 г","15,5 г","30,1 г"
Картофель Фри Маленькая [Ростик'c - KFC],193 кКал,"2,7 г","10,9 г","21,1 г"
Картофель Фри Малый [Ростик'c - KFC],166 кКал,"3,8 г","15,5 г","30,1 г"
Картофель Фри Стандартный [Ростик'c - KFC],331 кКал,"4,6 г","18,6 г","36,1 г"
Картофельные Кранчи Фри [Ростик'c - KFC],233 кКал,"2,6 г","18,8 г","13,1 г"
Картофельный Хашбраун [Ростик'c - KFC],534 кКал,"2,4 г",52 г,"14,1 г"
Картошка Фри [Ростик'c - KFC],276 кКал,"3,8 г","15,5 г","30,1 г"
Кекс Апельсиновый [Ростик'c - KFC],414 кКал,"4,9 г","22,8 г","47,4 г"
Кекс Шоколадно-Апельсиновый [Ростик'c - KFC],436 кКал,"5,4 г","24,8 г","47,8 г"
Кекс Шоколадно-Апельсиновый [Ростик'c - KFC],131 кКал,"1,6 г","7,4 г","14,3 г"
Кетчуп [Ростик'c - KFC],110 кКал,1 г,"0,1 г",25 г
Классик [Ростик'c - KFC],345 кКал,"17,1 г","13,8 г","38,2 г"
Клубничный Дайкири [Ростик'c - KFC],188 кКал,0 г,0 г,"47,2 г"
"Кофе Американо 0,3 [Ростик'c - KFC]",78 кКал,"0,6 г","1,5 г","15,6 г"
"Кофе Глясе 0,2 [Ростик'c - KFC]",86 кКал,2 г,"2,6 г","13,8 г"
"Кофе Капучино 0,3 [Ростик'c - KFC]",119 кКал,"3,5 г","2,5 г","20,7 г"
"Кофе Капучино без Сахара 0,3 [Ростик'c - KFC]",59 кКал,"3,7 г","2,1 г","5,9 г"
"Кофе Латте 0,3 [Ростик'c - KFC]",157 кКал,"5,8 г","3,9 г","24,5 г"
"Кофе Латте 0,4 [Ростик'c - KFC]",169 кКал,"7,9 г","4,7 г","24,8 г"
Криспи Чипс [Ростик'c - KFC],444 кКал,5 г,"34,3 г","28,9 г"
Крылышки [Ростик'c - KFC],678 кКал,"35,9 г","44,7 г","33,3 г"
Крылья Острые (3) [Ростик'c - KFC],254 кКал,"13,4 г","16,8 г","12,5 г"
Крылья Острые [Ростик'c - KFC],304 кКал,"19,6 г","20,8 г","9,8 г"
Кукуруза [Ростик'c - KFC],104 кКал,"1,8 г","4,2 г","14,9 г"
Куриная Ножка с Соусом Терияки [Ростик'c - KFC],230 кКал,"16,9 г",12 г,14 г
Куриные Крылышки [Ростик'c - KFC],304 кКал,"19,6 г","20,8 г","9,8 г"
КУРИНЫЕ КРЫЛЫШКИ 3 шт/27г (порция 81 гр) [Ростик'c - KFC],"254,3 кКал","13,4 г","16,8 г","12,5 г"
КУРИНЫЕ КРЫЛЫШКИ 5 шт/27г (порция 135 гр) [Ростик'c - KFC],"423,9 кКал","22,4 г","27,9 г","20,8 г"
КУРИНЫЕ КРЫЛЫШКИ 8 шт/27г (порция 216 гр) [Ростик'c - KFC],"678,2 кКал","35,9 г","44,7 г","33,3 г"
Куриные Ножки [Ростик'c - KFC],229 кКал,21 г,"12,7 г","7,7 г"
Куриный Хот-Дог [Ростик'c - KFC],226 кКал,"9,6 г","10,1 г","24,3 г"
КУРИНЫЙ ШАШЛЫК (порция 130 гр) [Ростик'c - KFC],182 кКал,"32,4 г","5,7 г","0,3 г"
Куриный Шашлык [Ростик'c - KFC],182 кКал,"32,4 г","5,7 г","0,3 г"
"Латте 0,4 [Ростик'c - KFC]",47 кКал,"2,2 г","1,3 г","6,9 г"
Лимонад Барбарис [Ростик'c - KFC],50 кКал,0 г,0 г,"12,6 г"
Лимонад Ванильный Дюшес [Ростик'c - KFC],182 кКал,0 г,0 г,"45,5 г"
"ЛОВЕНБРАУ ОРИГИНАЛЬНОЕ 0,3л (порция 300 гр) [Ростик'c - KFC]",138 кКал,0 г,0 г,"14,1 г"
"ЛОВЕНБРАУ ОРИГИНАЛЬНОЕ 0,5л (порция 500 гр) [Ростик'c - KFC]",230 кКал,0 г,0 г,"23,5 г"
Лонгер [Ростик'c - KFC],218 кКал,"12,7 г","6,6 г",27 г
Лонгер BBQ [Ростик'c - KFC],236 кКал,"9,7 г","7,1 г","33,3 г"
ЛОНГЕР оригинальный (порция 117 гр) [Ростик'c - KFC],296 кКал,"12,9 г",13 г,"31,9 г"
Лонгер Оригинальный [Ростик'c - KFC],296 кКал,"12,9 г",13 г,"31,9 г"
ЛОНГЕР острый (порция 113 гр) [Ростик'c - KFC],"248,6 кКал","12,3 г","6,4 г","35,3 г"
Лонгер Острый [Ростик'c - KFC],249 кКал,"12,3 г","6,4 г","35,3 г"
Лонгер Чиз [Ростик'c - KFC],268 кКал,"12,9 г","12,3 г","26,5 г"
Маффин Тоффи [Ростик'c - KFC],475 кКал,"5,5 г","24,4 г",58 г
Микс Бокс [Ростик'c - KFC],409 кКал,"29,1 г","23,1 г","21,2 г"
"Милк Шейк Шоколадно-Ореховый 0,25 [Ростик'c - KFC]",215 кКал,"4,8 г","4,5 г",39 г
Милкшейк  Лесная Клубника [Ростик'c - KFC],143 кКал,"3,4 г","3,5 г","27,2 г"
Милкшейк Ваниль [Ростик'c - KFC],76 кКал,"1,9 г","1,8 г","13,2 г"
Милкшейк Чёрная Смородина [Ростик'c - KFC],92 кКал,"2,2 г","2,1 г",16 г
Милкшейк Шоколадно-Ореховый [Ростик'c - KFC],86 кКал,"1,9 г","1,8 г","15,6 г"
"Милкшейк Шоколадно-Ореховый 0,25 [Ростик'c - KFC]",215 кКал,"4,8 г","4,5 г",39 г
МИНИ ТВИСТЕР оригинальный (порция 104 гр) [Ростик'c - KFC],"267,3 кКал","10,5 г","12,3 г","28,7 г"
Мини Твистер Оригинальный [Ростик'c - KFC],267 кКал,"10,5 г","12,3 г","28,7 г"
МИНИ ТВИСТЕР острый (порция 104 гр) [Ростик'c - KFC],"254,8 кКал","9,9 г","10,9 г","29,2 г"
Мой Баскет с Байтс [Ростик'c - KFC],223 кКал,"17,8 г","14,5 г","5,3 г"
Мой Баскет с Крыльями [Ростик'c - KFC],223 кКал,"17,8 г","14,5 г","5,3 г"
Молочный Коктейль [Ростик'c - KFC],154 кКал,"3,4 г","3,5 г","27,2 г"
Молочный Коктейль Пина Колада [Ростик'c - KFC],90 кКал,"1,9 г","1,6 г","16,9 г"
"Мороженое ""Летняя Фантазия"" [Ростик'c - KFC]",168 кКал,"4,7 г","4,8 г","26,5 г"
Мороженое [Ростик'c - KFC],168 кКал,"4,7 г","4,8 г","26,5 г"
Мороженое Kit Kat [Ростик'c - KFC],196 кКал,"3,2 г","5,8 г","32,7 г"
Мороженое Айс Дрим Клубника [Ростик'c - KFC],173 кКал,"3,6 г","3,4 г",32 г
Мороженое Айс Дрим Шоколад [Ростик'c - KFC],272 кКал,"6,2 г","5,6 г","49,4 г"
Мороженое Айсдрим Клубника [Ростик'c - KFC],252 кКал,"5,5 г","5,1 г","46,2 г"
Мороженое в Рожке [Ростик'c - KFC],131 кКал,"3,7 г","3,3 г","21,5 г"
Мороженое Карамельное [Ростик'c - KFC],158 кКал,"2,8 г","3,2 г","29,4 г"
Мороженое Сникерс [Ростик'c - KFC],186 кКал,"3,7 г","6,1 г","29,1 г"
Мороженое Шоколадное [Ростик'c - KFC],154 кКал,3 г,"3,1 г","28,5 г"
Мохито [Ростик'c - KFC],182 кКал,0 г,0 г,"45,5 г"
Наггетсы [Ростик'c - KFC],249 кКал,"10,7 г","15,3 г","16,9 г"
Напиток Черная Смородина [Ростик'c - KFC],144 кКал,0 г,0 г,"36,1 г"
Ножка (3) [Ростик'c - KFC],458 кКал,"38,2 г","26,3 г","17,2 г"
Овсяная Каша [Ростик'c - KFC],94 кКал,"3,3 г","1,9 г",16 г
Острые Крылышки [Ростик'c - KFC],254 кКал,"13,4 г","16,8 г","12,5 г"
Острый Шефбургер [Ростик'c - KFC],239 кКал,"10,7 г","10,1 г","26,2 г"
Острый Шефбургер Де Люкс [Ростик'c - KFC],453 кКал,25 г,"22,8 г","36,9 г"
Панини [Ростик'c - KFC],519 кКал,"24,7 г","21,3 г","56,8 г"
Пати-Баскет [Ростик'c - KFC],437 кКал,"16,8 г","23,9 г","38,5 г"
Печенье Шоколадное с Белым Шоколадом и Фундуком [Ростик'c - KFC],469 кКал,"7,1 г","20,6 г","63,7 г"
Пирожное Черный Лес [Ростик'c - KFC],478 кКал,"2,7 г","19,2 г","73,6 г"
Пирожок Малина-Черника [Ростик'c - KFC],308 кКал,"3,6 г","20,8 г","26,8 г"
Пирожок с Вишней [Ростик'c - KFC],246 кКал,"2,5 г","11,9 г","32,1 г"
Пирожок с Творогом [Ростик'c - KFC],261 кКал,"5,3 г",17 г,"26,6 г"
Пирожок с Яблоком [Ростик'c - KFC],303 кКал,"2,9 г","17,7 г","32,9 г"
Пончик [Ростик'c - KFC],231 кКал,"2,9 г",11 г,"29,3 г"
Райзер [Ростик'c - KFC],220 кКал,"11,3 г","8,5 г","24,7 г"
Ризотто с Грибами [Ростик'c - KFC],207 кКал,8 г,"9,6 г","22,2 г"
Рисбокс Терияки [Ростик'c - KFC],357 кКал,"16,8 г","9,2 г","51,8 г"
Рождественский Бургер [Ростик'c - KFC],258 кКал,"12,7 г","12,9 г","22,8 г"
Рожок [Ростик'c - KFC],131 кКал,"3,7 г","3,3 г","21,5 г"
Рожок в Глазури [Ростик'c - KFC],171 кКал,"3,4 г","6,3 г","25,3 г"
Салат Веджи [Ростик'c - KFC],54 кКал,2 г,"2,6 г","5,4 г"
Салат Коул Слоу [Ростик'c - KFC],108 кКал,"1,4 г","6,9 г","9,9 г"
Салат Летний [Ростик'c - KFC],105 кКал,"6,5 г","5,9 г","6,4 г"
Салат Терияки [Ростик'c - KFC],257 кКал,"14,7 г","8,6 г","30,4 г"
Салат Цезарь [Ростик'c - KFC],124 кКал,"11,1 г","5,9 г","6,6 г"
Салат Цезарь Лайт без Соуса [Ростик'c - KFC],137 кКал,"10,6 г","7,3 г","7,3 г"
Салат Цезарь Лайт без Соуса [Ростик'c - KFC],137 кКал,"10,6 г","7,3 г","7,3 г"
САНДВИЧ ЗИНГЕР (порция 157 гр) [Ростик'c - KFC],"362,7 кКал","18,2 г","16,8 г","34,9 г"
САНДВИЧ КЛАССИК (порция 157 гр) [Ростик'c - KFC],"345,4 кКал","17,1 г","13,8 г","38,2 г"
Сандвич Чикен Барбекю [Ростик'c - KFC],320 кКал,"15,7 г","11,4 г","38,7 г"
Сандерс [Ростик'c - KFC],212 кКал,"10,5 г","6,1 г","28,8 г"
Сандерс Баскет [Ростик'c - KFC],295 кКал,"25,1 г","16,7 г","11,2 г"
Сахар [Ростик'c - KFC],400 кКал,0 г,0 г,100 г
"СИБИРСКАЯ КОРОНА 0,3л (порция 300 гр) [Ростик'c - KFC]",138 кКал,0 г,0 г,"14,1 г"
"СИБИРСКАЯ КОРОНА 0,5л (порция 500 гр) [Ростик'c - KFC]",230 кКал,0 г,0 г,"23,5 г"
Сладкий Снэк Яблоко [Ростик'c - KFC],203 кКал,"3,5 г","6,6 г","32,3 г"
Соус Бальзамик [Ростик'c - KFC],366 кКал,"0,1 г",40 г,"1,4 г"
Соус Барбекю [Ростик'c - KFC],120 кКал,"1,5 г","0,1 г",29 г
Соус Деликатесный [Ростик'c - KFC],306 кКал,"0,9 г","32,1 г","3,4 г"
Соус Кисло-Сладкий Чили [Ростик'c - KFC],160 кКал,"0,2 г","0,2 г",39 г
"Соус Майонезный ""Цезарь"" [Ростик'c - KFC]",236 кКал,"1,2 г","23,6 г","4,6 г"
Соус Сырный Особый [Ростик'c - KFC],300 кКал,1 г,29 г,"8,5 г"
Соус Терияки [Ростик'c - KFC],170 кКал,"2,5 г",0 г,39 г
"Соус Фруктовый ""Клюквенный"" [Ростик'c - KFC]",148 кКал,"0,1 г",0 г,"36,4 г"
Соус Цезарь [Ростик'c - KFC],236 кКал,"1,3 г",24 г,"3,9 г"
Соус Чесночный [Ростик'c - KFC],340 кКал,"0,5 г",33 г,"8,5 г"
Стар Баскет [Ростик'c - KFC],810 кКал,"55,5 г","46,8 г","41,4 г"
Стрипсы Оригинальные (3) [Ростик'c - KFC],194 кКал,"20,4 г","7,2 г","11,9 г"
Стрипсы Оригинальные (3) [Ростик'c - KFC],194 кКал,"20,4 г","7,2 г","11,9 г"
Стрипсы Оригинальные [Ростик'c - KFC],219 кКал,"21,1 г",10 г,"11,3 г"
Стрипсы Острые [Ростик'c - KFC],240 кКал,"23,1 г","12,8 г","8,1 г"
Стрипсы с Соусом Терияки [Ростик'c - KFC],215 кКал,"15,3 г","8,4 г","19,6 г"
Сырники [Ростик'c - KFC],258 кКал,"13,7 г","11,3 г","25,5 г"
Сырные Подушечки (5) [Ростик'c - KFC],383 кКал,8 г,"25,8 г","29,7 г"
Сырный Соус [Ростик'c - KFC],300 кКал,1 г,29 г,"8,5 г"
Такос Сальса [Ростик'c - KFC],261 кКал,15 г,"12,1 г",23 г
Такос Сырный [Ростик'c - KFC],318 кКал,"15,9 г","18,8 г","21,4 г"
Тауэр Русс [Ростик'c - KFC],554 кКал,"22,1 г","35,8 г","35,7 г"
Твистер Барбекю [Ростик'c - KFC],402 кКал,"18,7 г","16,5 г",45 г
Твистер Веджи [Ростик'c - KFC],269 кКал,"4,6 г",18 г,"22,2 г"
Твистер Де Люкс Оригинальный [Ростик'c - KFC],244 кКал,"12,4 г","9,7 г","26,8 г"
Твистер Де Люкс Оригинальный [Ростик'c - KFC],503 кКал,"25,6 г",21 г,"53,2 г"
Твистер Де Люкс Острый [Ростик'c - KFC],252 кКал,"12,9 г","10,7 г","26,1 г"
Твистер Джуниор [Ростик'c - KFC],237 кКал,"12,5 г","10,7 г","22,6 г"
Твистер Жульен [Ростик'c - KFC],264 кКал,"11,1 г","13,9 г","23,6 г"
Твистер из Тостера Веджи [Ростик'c - KFC],509 кКал,"9,2 г",34 г,"41,1 г"
ТВИСТЕР ИЗ ТОСТЕРА оригинальный (порция 192 гр) [Ростик'c - KFC],"449,3 кКал","19,4 г",19 г,"49,7 г"
Твистер из Тостера Оригинальный [Ростик'c - KFC],423 кКал,"20,2 г","18,4 г","44,3 г"
ТВИСТЕР ИЗ ТОСТЕРА острый (порция 192 гр) [Ростик'c - KFC],"424,3 кКал","18,2 г","16,3 г","50,9 г"
Твистер из Тостера Острый [Ростик'c - KFC],207 кКал,"9,4 г","8,5 г","23,1 г"
Твистер Кентукки BBQ [Ростик'c - KFC],248 кКал,"11,7 г",11 г,"25,5 г"
Твистер Летний [Ростик'c - KFC],242 кКал,"10,7 г","12,2 г","22,2 г"
Твистер Оригинальный [Ростик'c - KFC],401 кКал,"22,1 г","15,9 г","42,3 г"
Твистер Острый [Ростик'c - KFC],434 кКал,"24,2 г","16,2 г",48 г
Твистер Пепперони [Ростик'c - KFC],447 кКал,20 г,"19,1 г","48,7 г"
Твистер по-Американски [Ростик'c - KFC],426 кКал,19 г,"19,1 г","44,7 г"
Твистер Русс [Ростик'c - KFC],429 кКал,"20,1 г","19,7 г","43,1 г"
Твистер Сальса [Ростик'c - KFC],240 кКал,"11,4 г","10,9 г","24,1 г"
Твистер Терияки [Ростик'c - KFC],439 кКал,"18,9 г","16,2 г","54,8 г"
Твистер Утренний [Ростик'c - KFC],212 кКал,"10,6 г","10,4 г","18,8 г"
Твистер Чиз [Ростик'c - KFC],480 кКал,"21,4 г","22,9 г","46,8 г"
Твистер Чизз-Бекон [Ростик'c - KFC],485 кКал,"23,2 г","23,4 г","45,4 г"
Тёмный Боксмастер [Ростик'c - KFC],253 кКал,"9,2 г","14,1 г","22,3 г"
Тёмный Бургер [Ростик'c - KFC],628 кКал,"32,7 г","31,9 г","52,3 г"
Тёмный Твистер [Ростик'c - KFC],261 кКал,"11,2 г","13,5 г","23,7 г"
Тирамису [Ростик'c - KFC],354 кКал,"3,7 г","22,2 г","35,5 г"
Тост с Сыром [Ростик'c - KFC],288 кКал,"11,1 г",12 г,"34,1 г"
Тропический Десерт [Ростик'c - KFC],362 кКал,"3,6 г","17,2 г","48,3 г"
Фрешер [Ростик'c - KFC],331 кКал,"16,8 г","12,2 г","38,5 г"
Фрешер Летний [Ростик'c - KFC],231 кКал,"10,4 г","10,2 г","24,3 г"
"ХЕЙНЕКЕН 0,5л (порция 500 гр) [Ростик'c - KFC]",230 кКал,0 г,0 г,"14,5 г"
Хот-Дог [Ростик'c - KFC],265 кКал,"13,1 г","12,1 г",26 г
Цезарь Лайт [Ростик'c - KFC],139 кКал,"11,1 г","6,3 г","9,5 г"
Черри Берри [Ростик'c - KFC],188 кКал,0 г,0 г,"47,2 г"
Чизбургер [Ростик'c - KFC],228 кКал,"12,4 г","8,9 г","24,7 г"
Чизбургер Де Люкс [Ростик'c - KFC],205 кКал,"13,9 г","6,9 г","21,8 г"
Чизбургер Жульен [Ростик'c - KFC],242 кКал,11 г,"10,5 г","25,9 г"
Чизбургер Кентукки BBQ [Ростик'c - KFC],217 кКал,11 г,"6,1 г","29,5 г"
Чизбургер с Луком [Ростик'c - KFC],362 кКал,"23,1 г","12,8 г","38,6 г"
Чизкейк New-York Карамель [Ростик'c - KFC],289 кКал,"6,4 г","16,1 г","29,6 г"
Чизкейк с Изюмом [Ростик'c - KFC],284 кКал,"7,7 г","13,4 г","32,7 г"
Чизкейк с Клубничным Топпингом [Ростик'c - KFC],304 кКал,"7,8 г","13,5 г","38,1 г"
Чизкейк с Шоколадным Топпингом [Ростик'c - KFC],308 кКал,"7,9 г","13,6 г","38,6 г"
Чикен Пепперони [Ростик'c - KFC],366 кКал,"17,4 г","16,1 г","37,9 г"
Чикен Попкорн [Ростик'c - KFC],259 кКал,"22,3 г","11,8 г","15,9 г"
Чикен Чизбургер [Ростик'c - KFC],357 кКал,"17,1 г","14,5 г","39,6 г"
Шеф Лимонад [Ростик'c - KFC],87 кКал,0 г,0 г,"20,7 г"
Шеф Такос [Ростик'c - KFC],263 кКал,"15,3 г","14,7 г","17,4 г"
Шефбургер [Ростик'c - KFC],410 кКал,"24,2 г","19,5 г","34,3 г"
Шефбургер Де Люкс [Ростик'c - KFC],492 кКал,"27,7 г","26,7 г","35,3 г"
Шефбургер Джуниор [Ростик'c - KFC],231 кКал,"12,3 г","10,5 г","21,9 г"
Шефбургер Джуниор Острый [Ростик'c - KFC],250 кКал,"13,6 г",10 г,"26,5 г"
Шефбургер Острый [Ростик'c - KFC],222 кКал,"14,3 г","9,1 г","20,9 г"
Шоколадный Пирожок Клубника - Крем-Чиз [Ростик'c - KFC],271 кКал,"3,4 г","15,7 г","29,1 г"
Шоколадный Топпинг [Ростик'c - KFC],39 кКал,"0,2 г","0,2 г","9,1 г"
Шоколадный Фондан [Ростик'c - KFC],470 кКал,"5,5 г",32 г,39 г
Шоколадный Фондан с Мороженым [Ростик'c - KFC],334 кКал,"4,5 г","20,6 г","32,5 г"
Яблочная Тарталетка [Ростик'c - KFC],231 кКал,"12,3 г","10,5 г","21,9 г"
Яблочный Десерт [Ростик'c - KFC],207 кКал,"2,3 г","5,6 г","36,9 г"
Яблочный Десерт с Мороженым [Ростик'c - KFC],178 кКал,"2,7 г","4,7 г","31,1 г"
Ягодный Пунш [Ростик'c - KFC],22 кКал,"0,1 г","0,1 г","5,2 г"
Яичница с Байтсами [Ростик'c - KFC],223 кКал,"17,8 г","14,5 г","5,3 г"
[
    {
        "Title": "1 Кусок [Ростик'c - KFC]",
        "Calories": "130 кКал",
        "Proteins": "9,8 г",
        "Fats": "6,8 г",
        "Urglevodi": "7,5 г"
    },
    {
        "Title": "1 КУСОК КУРИЦЫ 1/53г (порция 53 гр) [Ростик'c - KFC]",
        "Calories": "130,2 кКал",
        "Proteins": "9,8 г",
        "Fats": "6,8 г",
        "Urglevodi": "7,5 г"
    },
    {
        "Title": "2 КУСКА КУРИЦЫ 2/53г (порция 106 гр) [Ростик'c - KFC]",
        "Calories": "260,3 кКал",
        "Proteins": "19,6 г",
        "Fats": "13,6 г",
        "Urglevodi": "14,9 г"
    },
    {
        "Title": "2 Стрипса Оригинальные [Ростик'c - KFC]",
        "Calories": "162 кКал",
        "Proteins": "13,7 г",
        "Fats": "8,5 г",
        "Urglevodi": "7,7 г"
    },
    {
        "Title": "2 СТРИПСА оригинальные 2/28г (порция 56 гр) [Ростик'c - KFC]",
        "Calories": "162,2 кКал",
        "Proteins": "13,7 г",
        "Fats": "8,5 г",
        "Urglevodi": "7,7 г"
    },
    {
        "Title": "2 Стрипса Острые [Ростик'c - KFC]",
        "Calories": "137 кКал",
        "Proteins": "12,5 г",
        "Fats": "5,8 г",
        "Urglevodi": "8,8 г"
    },
    {
        "Title": "2 Стрипса Острые [Ростик'c - KFC]",
        "Calories": "245 кКал",
        "Proteins": "22,3 г",
        "Fats": "10,3 г",
        "Urglevodi": "15,8 г"
    },
    {
        "Title": "2 СТРИПСА острые 2/28г (порция 56 гр) [Ростик'c - KFC]",
        "Calories": "137,3 кКал",
        "Proteins": "12,5 г",
        "Fats": "5,8 г",
        "Urglevodi": "8,8 г"
    },
    {
        "Title": "3 Крылышка [Ростик'c - KFC]",
        "Calories": "254 кКал",
        "Proteins": "13,4 г",
        "Fats": "16,8 г",
        "Urglevodi": "12,5 г"
    },
    {
        "Title": "3 КУСКА КУРИЦЫ 3/53г (порция 159 гр) [Ростик'c - KFC]",
        "Calories": "390,5 кКал",
        "Proteins": "29,4 г",
        "Fats": "20,4 г",
        "Urglevodi": "22,4 г"
    },
    {
        "Title": "3 Стрипса Оригинальные [Ростик'c - KFC]",
        "Calories": "243 кКал",
        "Proteins": "20,6 г",
        "Fats": "12,8 г",
        "Urglevodi": "11,5 г"
    },
    {
        "Title": "3 СТРИПСА оригинальные 3/28г (порция 84 гр) [Ростик'c - KFC]",
        "Calories": "243,3 кКал",
        "Proteins": "20,6 г",
        "Fats": "12,8 г",
        "Urglevodi": "11,5 г"
    },
    {
        "Title": "3 СТРИПСА острые 3/28г (порция 84 гр) [Ростик'c - KFC]",
        "Calories": "205,9 кКал",
        "Proteins": "18,7 г",
        "Fats": "8,7 г",
        "Urglevodi": "13,3 г"
    },
    {
        "Title": "3 Стрипса Острых [Ростик'c - KFC]",
        "Calories": "206 кКал",
        "Proteins": "18,7 г",
        "Fats": "8,7 г",
        "Urglevodi": "13,3 г"
    },
    {
        "Title": "5 За 300 [Ростик'c - KFC]",
        "Calories": "796 кКал",
        "Proteins": "25,5 г",
        "Fats": "142 г",
        "Urglevodi": "99 г"
    },
    {
        "Title": "5 Крыльев [Ростик'c - KFC]",
        "Calories": "424 кКал",
        "Proteins": "22,4 г",
        "Fats": "27,9 г",
        "Urglevodi": "20,8 г"
    },
    {
        "Title": "5 СТРИПСОВ оригинальные 5/28г (порция 140 гр) [Ростик'c - KFC]",
        "Calories": "405,4 кКал",
        "Proteins": "34,3 г",
        "Fats": "21,3 г",
        "Urglevodi": "19,2 г"
    },
    {
        "Title": "5 СТРИПСОВ острые 5/28г (порция 140 гр) [Ростик'c - KFC]",
        "Calories": "343,1 кКал",
        "Proteins": "31,2 г",
        "Fats": "14,4 г",
        "Urglevodi": "22,1 г"
    },
    {
        "Title": "6 Стрипса Острых [Ростик'c - KFC]",
        "Calories": "412 кКал",
        "Proteins": "37,5 г",
        "Fats": "17,3 г",
        "Urglevodi": "26,5 г"
    },
    {
        "Title": "6 Стрипсов Оригинальные [Ростик'c - KFC]",
        "Calories": "388 кКал",
        "Proteins": "40,8 г",
        "Fats": "14,4 г",
        "Urglevodi": "23,8 г"
    },
    {
        "Title": "7Up Мохито [Ростик'c - KFC]",
        "Calories": "45 кКал",
        "Proteins": "0 г",
        "Fats": "0 г",
        "Urglevodi": "11 г"
    },
    {
        "Title": "8 Крылышек [Ростик'c - KFC]",
        "Calories": "678 кКал",
        "Proteins": "35,9 г",
        "Fats": "44,7 г",
        "Urglevodi": "33,3 г"
    },
    {
        "Title": "I-Twister [Ростик'c - KFC]",
        "Calories": "267 кКал",
        "Proteins": "10,5 г",
        "Fats": "12,3 г",
        "Urglevodi": "28,7 г"
    },
    {
        "Title": "I-Twister Cheese [Ростик'c - KFC]",
        "Calories": "256 кКал",
        "Proteins": "9,7 г",
        "Fats": "13,7 г",
        "Urglevodi": "23,3 г"
    },
    {
        "Title": "KFC БАСКЕТ ФРИ (порция 240 гр) [Ростик'c - KFC]",
        "Calories": "662,4 кКал",
        "Proteins": "9,1 г",
        "Fats": "37,2 г",
        "Urglevodi": "72,2 г"
    },
    {
        "Title": "KFC ВАФЛЯ БЕЛЬГИЙСКАЯ (порция 90 гр) [Ростик'c - KFC]",
        "Calories": "402,3 кКал",
        "Proteins": "4,1 г",
        "Fats": "21,2 г",
        "Urglevodi": "49,1 г"
    },
    {
        "Title": "KFC ВАФЛЯ БЕЛЬГИЙСКАЯ С МОРОЖЕНЫМ (порция 130 гр) [Ростик'c - KFC]",
        "Calories": "416 кКал",
        "Proteins": "5,3 г",
        "Fats": "20,2 г",
        "Urglevodi": "53,2 г"
    },
    {
        "Title": "KFC ВАФЛЯ БЕЛЬГИЙСКАЯ С МОРОЖЕНЫМ И ТОППИНГОМ клубничным (порция 140 гр) [Ростик'c - KFC]",
        "Calories": "480,2 кКал",
        "Proteins": "5,6 г",
        "Fats": "22,8 г",
        "Urglevodi": "63,4 г"
    },
    {
        "Title": "KFC ВАФЛЯ БЕЛЬГИЙСКАЯ С МОРОЖЕНЫМ И ТОППИНГОМ мокка-карамель (порция 140 гр) [Ростик'c - KFC]",
        "Calories": "487,2 кКал",
        "Proteins": "5,6 г",
        "Fats": "22,8 г",
        "Urglevodi": "65,1 г"
    },
    {
        "Title": "KFC ВАФЛЯ БЕЛЬГИЙСКАЯ С МОРОЖЕНЫМ И ТОППИНГОМ шоколадным (порция 140 гр) [Ростик'c - KFC]",
        "Calories": "484,4 кКал",
        "Proteins": "5,7 г",
        "Fats": "22,8 г",
        "Urglevodi": "64 г"
    },
    {
        "Title": "KFC ВАФЛЯ БЕЛЬГИЙСКАЯ С ТОППИНГОМ:клубничным (порция 100 гр) [Ростик'c - KFC]",
        "Calories": "425 кКал",
        "Proteins": "4,1 г",
        "Fats": "21,2 г",
        "Urglevodi": "54,5 г"
    },
    {
        "Title": "KFC ВАФЛЯ БЕЛЬГИЙСКАЯ С ТОППИНГОМ:мокка-карамель (порция 100 гр) [Ростик'c - KFC]",
        "Calories": "432 кКал",
        "Proteins": "4,1 г",
        "Fats": "21,2 г",
        "Urglevodi": "56,3 г"
    },
    {
        "Title": "KFC ВАФЛЯ БЕЛЬГИЙСКАЯ С ТОППИНГОМ:шоколадным (порция 100 гр) [Ростик'c - KFC]",
        "Calories": "428 кКал",
        "Proteins": "4,2 г",
        "Fats": "21,3 г",
        "Urglevodi": "55,1 г"
    },
    {
        "Title": "KFC ГЛЯСЕ (порция 260 гр) [Ростик'c - KFC]",
        "Calories": "83,2 кКал",
        "Proteins": "2,3 г",
        "Fats": "2,3 г",
        "Urglevodi": "13,3 г"
    },
    {
        "Title": "KFC ГОРЯЧИЙ ШОКОЛАД (порция 230 гр) [Ростик'c - KFC]",
        "Calories": "73,6 кКал",
        "Proteins": "2,1 г",
        "Fats": "2,1 г",
        "Urglevodi": "11,7 г"
    },
    {
        "Title": "KFC КАПУЧИНО (порция 200 гр) [Ростик'c - KFC]",
        "Calories": "64 кКал",
        "Proteins": "4,4 г",
        "Fats": "2,2 г",
        "Urglevodi": "6,6 г"
    },
    {
        "Title": "KFC КАРТОФЕЛЬ ФРИ мал. (порция 70 гр) [Ростик'c - KFC]",
        "Calories": "193,2 кКал",
        "Proteins": "2,7 г",
        "Fats": "10,9 г",
        "Urglevodi": "21,1 г"
    },
    {
        "Title": "KFC КАРТОФЕЛЬ ФРИ станд. (порция 120 гр) [Ростик'c - KFC]",
        "Calories": "331,2 кКал",
        "Proteins": "4,6 г",
        "Fats": "18,6 г",
        "Urglevodi": "36,1 г"
    },
    {
        "Title": "KFC КОКА-КОЛА ЛАЙТ/ ПЕПСИ-КОЛА ЛАЙТ Большой 0,75л (порция 750 гр) [Ростик'c - KFC]",
        "Calories": "1,5 кКал",
        "Proteins": "0 г",
        "Fats": "0 г",
        "Urglevodi": "0,8 г"
    },
    {
        "Title": "KFC КОКА-КОЛА ЛАЙТ/ ПЕПСИ-КОЛА ЛАЙТ Детский 0,3л (порция 300 гр) [Ростик'c - KFC]",
        "Calories": "0,6 кКал",
        "Proteins": "0 г",
        "Fats": "0 г",
        "Urglevodi": "0,3 г"
    },
    {
        "Title": "KFC КОКА-КОЛА ЛАЙТ/ ПЕПСИ-КОЛА ЛАЙТ Малый 0,4л (порция 400 гр) [Ростик'c - KFC]",
        "Calories": "0,8 кКал",
        "Proteins": "0 г",
        "Fats": "0 г",
        "Urglevodi": "0,4 г"
    },
    {
        "Title": "KFC КОКА-КОЛА ЛАЙТ/ ПЕПСИ-КОЛА ЛАЙТ Стандарт 0,5л (порция 500 гр) [Ростик'c - KFC]",
        "Calories": "1 кКал",
        "Proteins": "0 г",
        "Fats": "0 г",
        "Urglevodi": "0,5 г"
    },
    {
        "Title": "KFC КОКА-КОЛА/ПЕПСИ-КОЛА Большой 0,75л (порция 750 гр) [Ростик'c - KFC]",
        "Calories": "315 кКал",
        "Proteins": "0 г",
        "Fats": "0 г",
        "Urglevodi": "82,5 г"
    },
    {
        "Title": "KFC КОКА-КОЛА/ПЕПСИ-КОЛА Детский 0,3л (порция 300 гр) [Ростик'c - KFC]",
        "Calories": "126 кКал",
        "Proteins": "0 г",
        "Fats": "0 г",
        "Urglevodi": "33 г"
    },
    {
        "Title": "KFC КОКА-КОЛА/ПЕПСИ-КОЛА Малый 0,4л (порция 400 гр) [Ростик'c - KFC]",
        "Calories": "168 кКал",
        "Proteins": "0 г",
        "Fats": "0 г",
        "Urglevodi": "44 г"
    },
    {
        "Title": "KFC КОКА-КОЛА/ПЕПСИ-КОЛА Стандарт 0,5л (порция 500 гр) [Ростик'c - KFC]",
        "Calories": "210 кКал",
        "Proteins": "0 г",
        "Fats": "0 г",
        "Urglevodi": "55 г"
    },
    {
        "Title": "KFC КОФЕ ГЛЯСЕ 0,2 ЗЕРНОВОЙ (порция 260 гр) [Ростик'c - KFC]",
        "Calories": "83,2 кКал",
        "Proteins": "2,3 г",
        "Fats": "2,3 г",
        "Urglevodi": "13,3 г"
    },
    {
        "Title": "KFC КОФЕ КАПУЧИНО 0,2 ЗЕРНОВОЙ (порция 150 гр) [Ростик'c - KFC]",
        "Calories": "61,5 кКал",
        "Proteins": "2,9 г",
        "Fats": "3,5 г",
        "Urglevodi": "4,7 г"
    },
    {
        "Title": "KFC КОФЕ КАПУЧИНО 0,3 ЗЕРНОВОЙ (порция 190 гр) [Ростик'c - KFC]",
        "Calories": "74,1 кКал",
        "Proteins": "3,4 г",
        "Fats": "4,2 г",
        "Urglevodi": "5,7 г"
    },
    {
        "Title": "KFC КОФЕ ЛАТТЕ 0,3 ЗЕРНОВОЙ (порция 250 гр) [Ростик'c - KFC]",
        "Calories": "122,5 кКал",
        "Proteins": "5,5 г",
        "Fats": "7 г",
        "Urglevodi": "9,5 г"
    },
    {
        "Title": "KFC КУКУРУЗА (порция 94 гр) [Ростик'c - KFC]",
        "Calories": "104,3 кКал",
        "Proteins": "1,8 г",
        "Fats": "4,2 г",
        "Urglevodi": "14,9 г"
    },
    {
        "Title": "KFC ЛАТТЕ (порция 300 гр) [Ростик'c - KFC]",
        "Calories": "129 кКал",
        "Proteins": "9 г",
        "Fats": "4,5 г",
        "Urglevodi": "13,2 г"
    },
    {
        "Title": "KFC МОРОЖЕНОЕ (порция 120 гр) [Ростик'c - KFC]",
        "Calories": "168 кКал",
        "Proteins": "4,7 г",
        "Fats": "4,8 г",
        "Urglevodi": "26,5 г"
    },
    {
        "Title": "KFC МОРОЖЕНОЕ В РОЖКЕ (порция 85 гр) [Ростик'c - KFC]",
        "Calories": "130,9 кКал",
        "Proteins": "3,7 г",
        "Fats": "3,3 г",
        "Urglevodi": "21,5 г"
    },
    {
        "Title": "KFC САЛАТ ВЕДЖИ (порция 200 гр) [Ростик'c - KFC]",
        "Calories": "54 кКал",
        "Proteins": "2 г",
        "Fats": "2,6 г",
        "Urglevodi": "5,4 г"
    },
    {
        "Title": "KFC Салат Коул Слоу (порция 130 гр) [Ростик'c - KFC]",
        "Calories": "158,6 кКал",
        "Proteins": "1,8 г",
        "Fats": "10,3 г",
        "Urglevodi": "14,7 г"
    },
    {
        "Title": "KFC САЛАТ ЦЕЗАРЬ (порция 211 гр) [Ростик'c - KFC]",
        "Calories": "335,5 кКал",
        "Proteins": "22,2 г",
        "Fats": "19,2 г",
        "Urglevodi": "18,4 г"
    },
    {
        "Title": "KFC Салат ЦЕЗАРЬ овощной (порция 155 гр) [Ростик'c - KFC]",
        "Calories": "173,6 кКал",
        "Proteins": "8,5 г",
        "Fats": "10,7 г",
        "Urglevodi": "10,7 г"
    },
    {
        "Title": "KFC СПРАЙТ/ 7UP Большой 0,75л (порция 750 гр) [Ростик'c - KFC]",
        "Calories": "217,5 кКал",
        "Proteins": "0 г",
        "Fats": "0 г",
        "Urglevodi": "52,5 г"
    },
    {
        "Title": "KFC СПРАЙТ/ 7UP Детский 0,3л (порция 300 гр) [Ростик'c - KFC]",
        "Calories": "87 кКал",
        "Proteins": "0 г",
        "Fats": "0 г",
        "Urglevodi": "21 г"
    },
    {
        "Title": "KFC СПРАЙТ/ 7UP Малый 0,4л (порция 400 гр) [Ростик'c - KFC]",
        "Calories": "116 кКал",
        "Proteins": "0 г",
        "Fats": "0 г",
        "Urglevodi": "28 г"
    },
    {
        "Title": "KFC СПРАЙТ/ 7UP Стандарт 0,5л (порция 500 гр) [Ростик'c - KFC]",
        "Calories": "145 кКал",
        "Proteins": "0 г",
        "Fats": "0 г",
        "Urglevodi": "35 г"
    },
    {
        "Title": "KFC топпинг клубничный (порция 15 гр) [Ростик'c - KFC]",
        "Calories": "33,5 кКал",
        "Proteins": "0 г",
        "Fats": "0 г",
        "Urglevodi": "8,2 г"
    },
    {
        "Title": "KFC топпинг мокка-карамель (порция 15 гр) [Ростик'c - KFC]",
        "Calories": "43,1 кКал",
        "Proteins": "0 г",
        "Fats": "0 г",
        "Urglevodi": "10,8 г"
    },
    {
        "Title": "KFC топпинг шоколадный (порция 15 гр) [Ростик'c - KFC]",
        "Calories": "38,6 кКал",
        "Proteins": "0,2 г",
        "Fats": "0,2 г",
        "Urglevodi": "9,1 г"
    },
    {
        "Title": "KFC ФАНТА/ МИРИНДА Большой 0,75л (порция 750 гр) [Ростик'c - KFC]",
        "Calories": "232,5 кКал",
        "Proteins": "0 г",
        "Fats": "0 г",
        "Urglevodi": "56,3 г"
    },
    {
        "Title": "KFC ФАНТА/ МИРИНДА Детский 0,3л (порция 300 гр) [Ростик'c - KFC]",
        "Calories": "93 кКал",
        "Proteins": "0 г",
        "Fats": "0 г",
        "Urglevodi": "22,5 г"
    },
    {
        "Title": "KFC ФАНТА/ МИРИНДА Малый 0,4л (порция 400 гр) [Ростик'c - KFC]",
        "Calories": "124 кКал",
        "Proteins": "0 г",
        "Fats": "0 г",
        "Urglevodi": "30 г"
    },
    {
        "Title": "KFC ФАНТА/ МИРИНДА Стандарт 0,5л (порция 500 гр) [Ростик'c - KFC]",
        "Calories": "155 кКал",
        "Proteins": "0 г",
        "Fats": "0 г",
        "Urglevodi": "37,5 г"
    },
    {
        "Title": "KFC ЧИЗКЕЙК С ИЗЮМОМ (порция 104 гр) [Ростик'c - KFC]",
        "Calories": "283,9 кКал",
        "Proteins": "7,7 г",
        "Fats": "13,4 г",
        "Urglevodi": "32,7 г"
    },
    {
        "Title": "KFC ЧИЗКЕЙК С КЛУБНИЧНЫМ ТОППИНГОМ (порция 114 гр) [Ростик'c - KFC]",
        "Calories": "304,4 кКал",
        "Proteins": "7,8 г",
        "Fats": "13,5 г",
        "Urglevodi": "38,1 г"
    },
    {
        "Title": "KFC ЧИЗКЕЙК С ТОППИНГОМ МОККА-КАРАМЕЛЬ (порция 114 гр) [Ростик'c - KFC]",
        "Calories": "311,2 кКал",
        "Proteins": "7,8 г",
        "Fats": "13,5 г",
        "Urglevodi": "39,9 г"
    },
    {
        "Title": "KFC ЧИЗКЕЙК С ШОКОЛАДНЫМ ТОППИНГОМ (порция 114 гр) [Ростик'c - KFC]",
        "Calories": "307,8 кКал",
        "Proteins": "7,9 г",
        "Fats": "13,6 г",
        "Urglevodi": "38,6 г"
    },
    {
        "Title": "Азиатский Твистер [Ростик'c - KFC]",
        "Calories": "462 кКал",
        "Proteins": "21,8 г",
        "Fats": "18 г",
        "Urglevodi": "53,1 г"
    },
    {
        "Title": "Ай-Твистер Новый [Ростик'c - KFC]",
        "Calories": "230 кКал",
        "Proteins": "10,8 г",
        "Fats": "9,7 г",
        "Urglevodi": "24,8 г"
    },
    {
        "Title": "Ай-Твистер Русс [Ростик'c - KFC]",
        "Calories": "259 кКал",
        "Proteins": "10,4 г",
        "Fats": "13,3 г",
        "Urglevodi": "24,3 г"
    },
    {
        "Title": "Ай-Твистер Терияки [Ростик'c - KFC]",
        "Calories": "224 кКал",
        "Proteins": "9,7 г",
        "Fats": "7,6 г",
        "Urglevodi": "29,4 г"
    },
    {
        "Title": "Ай-Твистер Чиз [Ростик'c - KFC]",
        "Calories": "245 кКал",
        "Proteins": "11,4 г",
        "Fats": "11,9 г",
        "Urglevodi": "23,1 г"
    },
    {
        "Title": "Ай-Твистер Чизз-BBQ [Ростик'c - KFC]",
        "Calories": "229 кКал",
        "Proteins": "11,5 г",
        "Fats": "8,8 г",
        "Urglevodi": "25,9 г"
    },
    {
        "Title": "Американо [Ростик'c - KFC]",
        "Calories": "17 кКал",
        "Proteins": "0,2 г",
        "Fats": "0,5 г",
        "Urglevodi": "2,9 г"
    },
    {
        "Title": "Американо [Ростик'c - KFC]",
        "Calories": "78 кКал",
        "Proteins": "0,6 г",
        "Fats": "1,5 г",
        "Urglevodi": "15,6 г"
    },
    {
        "Title": "Байтс [Ростик'c - KFC]",
        "Calories": "268 кКал",
        "Proteins": "23,5 г",
        "Fats": "11,9 г",
        "Urglevodi": "16,6 г"
    },
    {
        "Title": "Байтс Терияки [Ростик'c - KFC]",
        "Calories": "296 кКал",
        "Proteins": "19 г",
        "Fats": "11,3 г",
        "Urglevodi": "29,8 г"
    },
    {
        "Title": "Байтсы [Ростик'c - KFC]",
        "Calories": "220 кКал",
        "Proteins": "20,8 г",
        "Fats": "11,5 г",
        "Urglevodi": "8,4 г"
    },
    {
        "Title": "Байтсы [Ростик'c - KFC]",
        "Calories": "220 кКал",
        "Proteins": "20,8 г",
        "Fats": "11,5 г",
        "Urglevodi": "8,4 г"
    },
    {
        "Title": "Байтсы Большие [Ростик'c - KFC]",
        "Calories": "767 кКал",
        "Proteins": "61,7 г",
        "Fats": "39,9 г",
        "Urglevodi": "40,2 г"
    },
    {
        "Title": "Байтсы из Куриного Филе [Ростик'c - KFC]",
        "Calories": "256 кКал",
        "Proteins": "20,6 г",
        "Fats": "13,3 г",
        "Urglevodi": "13,4 г"
    },
    {
        "Title": "Байтсы из Куриного Филе Острые [Ростик'c - KFC]",
        "Calories": "804 кКал",
        "Proteins": "70,5 г",
        "Fats": "35,7 г",
        "Urglevodi": "49,8 г"
    },
    {
        "Title": "Байтсы из Куриного Филе с Соусом Барбекю [Ростик'c - KFC]",
        "Calories": "240 кКал",
        "Proteins": "17,5 г",
        "Fats": "8,9 г",
        "Urglevodi": "22,3 г"
    },
    {
        "Title": "Байтсы Малые [Ростик'c - KFC]",
        "Calories": "243 кКал",
        "Proteins": "19,5 г",
        "Fats": "12,6 г",
        "Urglevodi": "12,7 г"
    },
    {
        "Title": "Байтсы Средние [Ростик'c - KFC]",
        "Calories": "220 кКал",
        "Proteins": "20,8 г",
        "Fats": "11,5 г",
        "Urglevodi": "8,4 г"
    },
    {
        "Title": "Байтсы Терияки [Ростик'c - KFC]",
        "Calories": "301 кКал",
        "Proteins": "16,9 г",
        "Fats": "12,3 г",
        "Urglevodi": "30,7 г"
    },
    {
        "Title": "Баскет 16 Крыльев [Ростик'c - KFC]",
        "Calories": "1432 кКал",
        "Proteins": "88,8 г",
        "Fats": "79,9 г",
        "Urglevodi": "88,9 г"
    },
    {
        "Title": "Баскет 25 Крыльев [Ростик'c - KFC]",
        "Calories": "2029 кКал",
        "Proteins": "118,5 г",
        "Fats": "131,2 г",
        "Urglevodi": "93,5 г"
    },
    {
        "Title": "Баскет L [Ростик'c - KFC]",
        "Calories": "2280 кКал",
        "Proteins": "147 г",
        "Fats": "156 г",
        "Urglevodi": "73,5 г"
    },
    {
        "Title": "Баскет S [Ростик'c - KFC]",
        "Calories": "1064 кКал",
        "Proteins": "68,6 г",
        "Fats": "72,8 г",
        "Urglevodi": "34,3 г"
    },
    {
        "Title": "Баскет Дуэт [Ростик'c - KFC]",
        "Calories": "1625 кКал",
        "Proteins": "111,8 г",
        "Fats": "95,6 г",
        "Urglevodi": "78,9 г"
    },
    {
        "Title": "Баскет Дуэт Оригинальный [Ростик'c - KFC]",
        "Calories": "1310 кКал",
        "Proteins": "70 г",
        "Fats": "75 г",
        "Urglevodi": "89 г"
    },
    {
        "Title": "Баскет Дуэт с Оригинальными Стрипсами [Ростик'c - KFC]",
        "Calories": "309 кКал",
        "Proteins": "21,2 г",
        "Fats": "17,6 г",
        "Urglevodi": "16,6 г"
    },
    {
        "Title": "Баскет Дуэт с Острыми Стрипсами [Ростик'c - KFC]",
        "Calories": "1170 кКал",
        "Proteins": "76,3 г",
        "Fats": "62,6 г",
        "Urglevodi": "75,1 г"
    },
    {
        "Title": "Баскет От Шефа [Ростик'c - KFC]",
        "Calories": "681 кКал",
        "Proteins": "49,4 г",
        "Fats": "38,4 г",
        "Urglevodi": "34,4 г"
    },
    {
        "Title": "Баскет Фри [Ростик'c - KFC]",
        "Calories": "552 кКал",
        "Proteins": "7,6 г",
        "Fats": "31 г",
        "Urglevodi": "60,2 г"
    },
    {
        "Title": "Бельгийская Вафля [Ростик'c - KFC]",
        "Calories": "402 кКал",
        "Proteins": "4,1 г",
        "Fats": "21,2 г",
        "Urglevodi": "49,1 г"
    },
    {
        "Title": "БИГГЕР оригинальный (порция 258 гр) [Ростик'c - KFC]",
        "Calories": "619,2 кКал",
        "Proteins": "33 г",
        "Fats": "28,4 г",
        "Urglevodi": "58,3 г"
    },
    {
        "Title": "Биггер Оригинальный [Ростик'c - KFC]",
        "Calories": "622 кКал",
        "Proteins": "32,9 г",
        "Fats": "28,2 г",
        "Urglevodi": "58,5 г"
    },
    {
        "Title": "БИГГЕР острый (порция 258 гр) [Ростик'c - KFC]",
        "Calories": "580,5 кКал",
        "Proteins": "31,2 г",
        "Fats": "24,3 г",
        "Urglevodi": "59,9 г"
    },
    {
        "Title": "Биггер Острый [Ростик'c - KFC]",
        "Calories": "583 кКал",
        "Proteins": "31,1 г",
        "Fats": "24,1 г",
        "Urglevodi": "60,1 г"
    },
    {
        "Title": "Блинчики [Ростик'c - KFC]",
        "Calories": "205 кКал",
        "Proteins": "8 г",
        "Fats": "4,7 г",
        "Urglevodi": "32,9 г"
    },
    {
        "Title": "Боксмастер без Соуса [Ростик'c - KFC]",
        "Calories": "285 кКал",
        "Proteins": "20,6 г",
        "Fats": "10 г",
        "Urglevodi": "50,7 г"
    },
    {
        "Title": "БОКСМАСТЕР ИЗ ТОСТЕРА оригинальный (порция 253 гр) [Ростик'c - KFC]",
        "Calories": "690,7 кКал",
        "Proteins": "21,5 г",
        "Fats": "41,7 г",
        "Urglevodi": "57,4 г"
    },
    {
        "Title": "Боксмастер из Тостера Оригинальный [Ростик'c - KFC]",
        "Calories": "614 кКал",
        "Proteins": "23,4 г",
        "Fats": "38,4 г",
        "Urglevodi": "43,8 г"
    },
    {
        "Title": "БОКСМАСТЕР ИЗ ТОСТЕРА острый (порция 253 гр) [Ростик'c - KFC]",
        "Calories": "708,4 кКал",
        "Proteins": "22,8 г",
        "Fats": "44,5 г",
        "Urglevodi": "53,9 г"
    },
    {
        "Title": "Боксмастер из Тостера Острый [Ростик'c - KFC]",
        "Calories": "653 кКал",
        "Proteins": "21,8 г",
        "Fats": "42,2 г",
        "Urglevodi": "46,9 г"
    },
    {
        "Title": "Боксмастер Оригинальный [Ростик'c - KFC]",
        "Calories": "629 кКал",
        "Proteins": "27 г",
        "Fats": "38,4 г",
        "Urglevodi": "43,9 г"
    },
    {
        "Title": "Боксмастер Оригинальный [Ростик'c - KFC]",
        "Calories": "620 кКал",
        "Proteins": "9,3 г",
        "Fats": "12,5 г",
        "Urglevodi": "20,8 г"
    },
    {
        "Title": "Боксмастер Острый [Ростик'c - KFC]",
        "Calories": "267 кКал",
        "Proteins": "9,9 г",
        "Fats": "15,1 г",
        "Urglevodi": "22,8 г"
    },
    {
        "Title": "Боксмастер Терияки [Ростик'c - KFC]",
        "Calories": "250 кКал",
        "Proteins": "10,8 г",
        "Fats": "12,8 г",
        "Urglevodi": "22,9 г"
    },
    {
        "Title": "Боксмастер Утренний [Ростик'c - KFC]",
        "Calories": "224 кКал",
        "Proteins": "11,4 г",
        "Fats": "11,1 г",
        "Urglevodi": "19,8 г"
    },
    {
        "Title": "Боксмастер Чизз-Бекон [Ростик'c - KFC]",
        "Calories": "633 кКал",
        "Proteins": "24,3 г",
        "Fats": "40,3 г",
        "Urglevodi": "43,4 г"
    },
    {
        "Title": "Брейкер [Ростик'c - KFC]",
        "Calories": "322 кКал",
        "Proteins": "15,6 г",
        "Fats": "15,4 г",
        "Urglevodi": "30,5 г"
    },
    {
        "Title": "Бургер Русс [Ростик'c - KFC]",
        "Calories": "319 кКал",
        "Proteins": "19 г",
        "Fats": "13,9 г",
        "Urglevodi": "29,6 г"
    },
    {
        "Title": "Бустер [Ростик'c - KFC]",
        "Calories": "219 кКал",
        "Proteins": "12,6 г",
        "Fats": "10,1 г",
        "Urglevodi": "19,5 г"
    },
    {
        "Title": "Ванильный Дюшес [Ростик'c - KFC]",
        "Calories": "182 кКал",
        "Proteins": "0 г",
        "Fats": "0 г",
        "Urglevodi": "45,5 г"
    },
    {
        "Title": "Дабл Чикен [Ростик'c - KFC]",
        "Calories": "324 кКал",
        "Proteins": "26,8 г",
        "Fats": "14,5 г",
        "Urglevodi": "21,3 г"
    },
    {
        "Title": "Дабл Чикен Кентукки BBQ [Ростик'c - KFC]",
        "Calories": "222 кКал",
        "Proteins": "18,9 г",
        "Fats": "10,4 г",
        "Urglevodi": "13,2 г"
    },
    {
        "Title": "Дабл Шефбургер [Ростик'c - KFC]",
        "Calories": "569 кКал",
        "Proteins": "37,6 г",
        "Fats": "24,9 г",
        "Urglevodi": "48,7 г"
    },
    {
        "Title": "Двойной Тёмный Бургер [Ростик'c - KFC]",
        "Calories": "1033 кКал",
        "Proteins": "57,9 г",
        "Fats": "54,5 г",
        "Urglevodi": "77,6 г"
    },
    {
        "Title": "Донат Клубничный [Ростик'c - KFC]",
        "Calories": "417 кКал",
        "Proteins": "4,8 г",
        "Fats": "24 г",
        "Urglevodi": "47 г"
    },
    {
        "Title": "Донат Яблоко-Корица [Ростик'c - KFC]",
        "Calories": "378 кКал",
        "Proteins": "4,7 г",
        "Fats": "18 г",
        "Urglevodi": "48 г"
    },
    {
        "Title": "Зингер [Ростик'c - KFC]",
        "Calories": "363 кКал",
        "Proteins": "18,2 г",
        "Fats": "16,8 г",
        "Urglevodi": "34,9 г"
    },
    {
        "Title": "ЗОЛОТОЙ ФАЗАН 0,3л (порция 300 гр) [Ростик'c - KFC]",
        "Calories": "138 кКал",
        "Proteins": "0 г",
        "Fats": "0 г",
        "Urglevodi": "14,1 г"
    },
    {
        "Title": "Итальянский Салат Ролл [Ростик'c - KFC]",
        "Calories": "431 кКал",
        "Proteins": "19 г",
        "Fats": "19 г",
        "Urglevodi": "45,4 г"
    },
    {
        "Title": "Капучино [Ростик'c - KFC]",
        "Calories": "49 кКал",
        "Proteins": "1,9 г",
        "Fats": "1,1 г",
        "Urglevodi": "7,8 г"
    },
    {
        "Title": "Капучино 0,4 [Ростик'c - KFC]",
        "Calories": "128 кКал",
        "Proteins": "5,1 г",
        "Fats": "2,8 г",
        "Urglevodi": "19,9 г"
    },
    {
        "Title": "Картофель по-Деревенски [Ростик'c - KFC]",
        "Calories": "265 кКал",
        "Proteins": "3 г",
        "Fats": "17,4 г",
        "Urglevodi": "24,2 г"
    },
    {
        "Title": "Картофель по-Деревенски Малый [Ростик'c - KFC]",
        "Calories": "212 кКал",
        "Proteins": "2,4 г",
        "Fats": "13,9 г",
        "Urglevodi": "19,4 г"
    },
    {
        "Title": "Картофель Фри [Ростик'c - KFC]",
        "Calories": "276 кКал",
        "Proteins": "3,8 г",
        "Fats": "15,5 г",
        "Urglevodi": "30,1 г"
    },
    {
        "Title": "Картофель Фри Маленькая [Ростик'c - KFC]",
        "Calories": "193 кКал",
        "Proteins": "2,7 г",
        "Fats": "10,9 г",
        "Urglevodi": "21,1 г"
    },
    {
        "Title": "Картофель Фри Малый [Ростик'c - KFC]",
        "Calories": "166 кКал",
        "Proteins": "3,8 г",
        "Fats": "15,5 г",
        "Urglevodi": "30,1 г"
    },
    {
        "Title": "Картофель Фри Стандартный [Ростик'c - KFC]",
        "Calories": "331 кКал",
        "Proteins": "4,6 г",
        "Fats": "18,6 г",
        "Urglevodi": "36,1 г"
    },
    {
        "Title": "Картофельные Кранчи Фри [Ростик'c - KFC]",
        "Calories": "233 кКал",
        "Proteins": "2,6 г",
        "Fats": "18,8 г",
        "Urglevodi": "13,1 г"
    },
    {
        "Title": "Картофельный Хашбраун [Ростик'c - KFC]",
        "Calories": "534 кКал",
        "Proteins": "2,4 г",
        "Fats": "52 г",
        "Urglevodi": "14,1 г"
    },
    {
        "Title": "Картошка Фри [Ростик'c - KFC]",
        "Calories": "276 кКал",
        "Proteins": "3,8 г",
        "Fats": "15,5 г",
        "Urglevodi": "30,1 г"
    },
    {
        "Title": "Кекс Апельсиновый [Ростик'c - KFC]",
        "Calories": "414 кКал",
        "Proteins": "4,9 г",
        "Fats": "22,8 г",
        "Urglevodi": "47,4 г"
    },
    {
        "Title": "Кекс Шоколадно-Апельсиновый [Ростик'c - KFC]",
        "Calories": "436 кКал",
        "Proteins": "5,4 г",
        "Fats": "24,8 г",
        "Urglevodi": "47,8 г"
    },
    {
        "Title": "Кекс Шоколадно-Апельсиновый [Ростик'c - KFC]",
        "Calories": "131 кКал",
        "Proteins": "1,6 г",
        "Fats": "7,4 г",
        "Urglevodi": "14,3 г"
    },
    {
        "Title": "Кетчуп [Ростик'c - KFC]",
        "Calories": "110 кКал",
        "Proteins": "1 г",
        "Fats": "0,1 г",
        "Urglevodi": "25 г"
    },
    {
        "Title": "Классик [Ростик'c - KFC]",
        "Calories": "345 кКал",
        "Proteins": "17,1 г",
        "Fats": "13,8 г",
        "Urglevodi": "38,2 г"
    },
    {
        "Title": "Клубничный Дайкири [Ростик'c - KFC]",
        "Calories": "188 кКал",
        "Proteins": "0 г",
        "Fats": "0 г",
        "Urglevodi": "47,2 г"
    },
    {
        "Title": "Кофе Американо 0,3 [Ростик'c - KFC]",
        "Calories": "78 кКал",
        "Proteins": "0,6 г",
        "Fats": "1,5 г",
        "Urglevodi": "15,6 г"
    },
    {
        "Title": "Кофе Глясе 0,2 [Ростик'c - KFC]",
        "Calories": "86 кКал",
        "Proteins": "2 г",
        "Fats": "2,6 г",
        "Urglevodi": "13,8 г"
    },
    {
        "Title": "Кофе Капучино 0,3 [Ростик'c - KFC]",
        "Calories": "119 кКал",
        "Proteins": "3,5 г",
        "Fats": "2,5 г",
        "Urglevodi": "20,7 г"
    },
    {
        "Title": "Кофе Капучино без Сахара 0,3 [Ростик'c - KFC]",
        "Calories": "59 кКал",
        "Proteins": "3,7 г",
        "Fats": "2,1 г",
        "Urglevodi": "5,9 г"
    },
    {
        "Title": "Кофе Латте 0,3 [Ростик'c - KFC]",
        "Calories": "157 кКал",
        "Proteins": "5,8 г",
        "Fats": "3,9 г",
        "Urglevodi": "24,5 г"
    },
    {
        "Title": "Кофе Латте 0,4 [Ростик'c - KFC]",
        "Calories": "169 кКал",
        "Proteins": "7,9 г",
        "Fats": "4,7 г",
        "Urglevodi": "24,8 г"
    },
    {
        "Title": "Криспи Чипс [Ростик'c - KFC]",
        "Calories": "444 кКал",
        "Proteins": "5 г",
        "Fats": "34,3 г",
        "Urglevodi": "28,9 г"
    },
    {
        "Title": "Крылышки [Ростик'c - KFC]",
        "Calories": "678 кКал",
        "Proteins": "35,9 г",
        "Fats": "44,7 г",
        "Urglevodi": "33,3 г"
    },
    {
        "Title": "Крылья Острые (3) [Ростик'c - KFC]",
        "Calories": "254 кКал",
        "Proteins": "13,4 г",
        "Fats": "16,8 г",
        "Urglevodi": "12,5 г"
    },
    {
        "Title": "Крылья Острые [Ростик'c - KFC]",
        "Calories": "304 кКал",
        "Proteins": "19,6 г",
        "Fats": "20,8 г",
        "Urglevodi": "9,8 г"
    },
    {
        "Title": "Кукуруза [Ростик'c - KFC]",
        "Calories": "104 кКал",
        "Proteins": "1,8 г",
        "Fats": "4,2 г",
        "Urglevodi": "14,9 г"
    },
    {
        "Title": "Куриная Ножка с Соусом Терияки [Ростик'c - KFC]",
        "Calories": "230 кКал",
        "Proteins": "16,9 г",
        "Fats": "12 г",
        "Urglevodi": "14 г"
    },
    {
        "Title": "Куриные Крылышки [Ростик'c - KFC]",
        "Calories": "304 кКал",
        "Proteins": "19,6 г",
        "Fats": "20,8 г",
        "Urglevodi": "9,8 г"
    },
    {
        "Title": "КУРИНЫЕ КРЫЛЫШКИ 3 шт/27г (порция 81 гр) [Ростик'c - KFC]",
        "Calories": "254,3 кКал",
        "Proteins": "13,4 г",
        "Fats": "16,8 г",
        "Urglevodi": "12,5 г"
    },
    {
        "Title": "КУРИНЫЕ КРЫЛЫШКИ 5 шт/27г (порция 135 гр) [Ростик'c - KFC]",
        "Calories": "423,9 кКал",
        "Proteins": "22,4 г",
        "Fats": "27,9 г",
        "Urglevodi": "20,8 г"
    },
    {
        "Title": "КУРИНЫЕ КРЫЛЫШКИ 8 шт/27г (порция 216 гр) [Ростик'c - KFC]",
        "Calories": "678,2 кКал",
        "Proteins": "35,9 г",
        "Fats": "44,7 г",
        "Urglevodi": "33,3 г"
    },
    {
        "Title": "Куриные Ножки [Ростик'c - KFC]",
        "Calories": "229 кКал",
        "Proteins": "21 г",
        "Fats": "12,7 г",
        "Urglevodi": "7,7 г"
    },
    {
        "Title": "Куриный Хот-Дог [Ростик'c - KFC]",
        "Calories": "226 кКал",
        "Proteins": "9,6 г",
        "Fats": "10,1 г",
        "Urglevodi": "24,3 г"
    },
    {
        "Title": "КУРИНЫЙ ШАШЛЫК (порция 130 гр) [Ростик'c - KFC]",
        "Calories": "182 кКал",
        "Proteins": "32,4 г",
        "Fats": "5,7 г",
        "Urglevodi": "0,3 г"
    },
    {
        "Title": "Куриный Шашлык [Ростик'c - KFC]",
        "Calories": "182 кКал",
        "Proteins": "32,4 г",
        "Fats": "5,7 г",
        "Urglevodi": "0,3 г"
    },
    {
        "Title": "Латте 0,4 [Ростик'c - KFC]",
        "Calories": "47 кКал",
        "Proteins": "2,2 г",
        "Fats": "1,3 г",
        "Urglevodi": "6,9 г"
    },
    {
        "Title": "Лимонад Барбарис [Ростик'c - KFC]",
        "Calories": "50 кКал",
        "Proteins": "0 г",
        "Fats": "0 г",
        "Urglevodi": "12,6 г"
    },
    {
        "Title": "Лимонад Ванильный Дюшес [Ростик'c - KFC]",
        "Calories": "182 кКал",
        "Proteins": "0 г",
        "Fats": "0 г",
        "Urglevodi": "45,5 г"
    },
    {
        "Title": "ЛОВЕНБРАУ ОРИГИНАЛЬНОЕ 0,3л (порция 300 гр) [Ростик'c - KFC]",
        "Calories": "138 кКал",
        "Proteins": "0 г",
        "Fats": "0 г",
        "Urglevodi": "14,1 г"
    },
    {
        "Title": "ЛОВЕНБРАУ ОРИГИНАЛЬНОЕ 0,5л (порция 500 гр) [Ростик'c - KFC]",
        "Calories": "230 кКал",
        "Proteins": "0 г",
        "Fats": "0 г",
        "Urglevodi": "23,5 г"
    },
    {
        "Title": "Лонгер [Ростик'c - KFC]",
        "Calories": "218 кКал",
        "Proteins": "12,7 г",
        "Fats": "6,6 г",
        "Urglevodi": "27 г"
    },
    {
        "Title": "Лонгер BBQ [Ростик'c - KFC]",
        "Calories": "236 кКал",
        "Proteins": "9,7 г",
        "Fats": "7,1 г",
        "Urglevodi": "33,3 г"
    },
    {
        "Title": "ЛОНГЕР оригинальный (порция 117 гр) [Ростик'c - KFC]",
        "Calories": "296 кКал",
        "Proteins": "12,9 г",
        "Fats": "13 г",
        "Urglevodi": "31,9 г"
    },
    {
        "Title": "Лонгер Оригинальный [Ростик'c - KFC]",
        "Calories": "296 кКал",
        "Proteins": "12,9 г",
        "Fats": "13 г",
        "Urglevodi": "31,9 г"
    },
    {
        "Title": "ЛОНГЕР острый (порция 113 гр) [Ростик'c - KFC]",
        "Calories": "248,6 кКал",
        "Proteins": "12,3 г",
        "Fats": "6,4 г",
        "Urglevodi": "35,3 г"
    },
    {
        "Title": "Лонгер Острый [Ростик'c - KFC]",
        "Calories": "249 кКал",
        "Proteins": "12,3 г",
        "Fats": "6,4 г",
        "Urglevodi": "35,3 г"
    },
    {
        "Title": "Лонгер Чиз [Ростик'c - KFC]",
        "Calories": "268 кКал",
        "Proteins": "12,9 г",
        "Fats": "12,3 г",
        "Urglevodi": "26,5 г"
    },
    {
        "Title": "Маффин Тоффи [Ростик'c - KFC]",
        "Calories": "475 кКал",
        "Proteins": "5,5 г",
        "Fats": "24,4 г",
        "Urglevodi": "58 г"
    },
    {
        "Title": "Микс Бокс [Ростик'c - KFC]",
        "Calories": "409 кКал",
        "Proteins": "29,1 г",
        "Fats": "23,1 г",
        "Urglevodi": "21,2 г"
    },
    {
        "Title": "Милк Шейк Шоколадно-Ореховый 0,25 [Ростик'c - KFC]",
        "Calories": "215 кКал",
        "Proteins": "4,8 г",
        "Fats": "4,5 г",
        "Urglevodi": "39 г"
    },
    {
        "Title": "Милкшейк  Лесная Клубника [Ростик'c - KFC]",
        "Calories": "143 кКал",
        "Proteins": "3,4 г",
        "Fats": "3,5 г",
        "Urglevodi": "27,2 г"
    },
    {
        "Title": "Милкшейк Ваниль [Ростик'c - KFC]",
        "Calories": "76 кКал",
        "Proteins": "1,9 г",
        "Fats": "1,8 г",
        "Urglevodi": "13,2 г"
    },
    {
        "Title": "Милкшейк Чёрная Смородина [Ростик'c - KFC]",
        "Calories": "92 кКал",
        "Proteins": "2,2 г",
        "Fats": "2,1 г",
        "Urglevodi": "16 г"
    },
    {
        "Title": "Милкшейк Шоколадно-Ореховый [Ростик'c - KFC]",
        "Calories": "86 кКал",
        "Proteins": "1,9 г",
        "Fats": "1,8 г",
        "Urglevodi": "15,6 г"
    },
    {
        "Title": "Милкшейк Шоколадно-Ореховый 0,25 [Ростик'c - KFC]",
        "Calories": "215 кКал",
        "Proteins": "4,8 г",
        "Fats": "4,5 г",
        "Urglevodi": "39 г"
    },
    {
        "Title": "МИНИ ТВИСТЕР оригинальный (порция 104 гр) [Ростик'c - KFC]",
        "Calories": "267,3 кКал",
        "Proteins": "10,5 г",
        "Fats": "12,3 г",
        "Urglevodi": "28,7 г"
    },
    {
        "Title": "Мини Твистер Оригинальный [Ростик'c - KFC]",
        "Calories": "267 кКал",
        "Proteins": "10,5 г",
        "Fats": "12,3 г",
        "Urglevodi": "28,7 г"
    },
    {
        "Title": "МИНИ ТВИСТЕР острый (порция 104 гр) [Ростик'c - KFC]",
        "Calories": "254,8 кКал",
        "Proteins": "9,9 г",
        "Fats": "10,9 г",
        "Urglevodi": "29,2 г"
    },
    {
        "Title": "Мой Баскет с Байтс [Ростик'c - KFC]",
        "Calories": "223 кКал",
        "Proteins": "17,8 г",
        "Fats": "14,5 г",
        "Urglevodi": "5,3 г"
    },
    {
        "Title": "Мой Баскет с Крыльями [Ростик'c - KFC]",
        "Calories": "223 кКал",
        "Proteins": "17,8 г",
        "Fats": "14,5 г",
        "Urglevodi": "5,3 г"
    },
    {
        "Title": "Молочный Коктейль [Ростик'c - KFC]",
        "Calories": "154 кКал",
        "Proteins": "3,4 г",
        "Fats": "3,5 г",
        "Urglevodi": "27,2 г"
    },
    {
        "Title": "Молочный Коктейль Пина Колада [Ростик'c - KFC]",
        "Calories": "90 кКал",
        "Proteins": "1,9 г",
        "Fats": "1,6 г",
        "Urglevodi": "16,9 г"
    },
    {
        "Title": "Мороженое \"Летняя Фантазия\" [Ростик'c - KFC]",
        "Calories": "168 кКал",
        "Proteins": "4,7 г",
        "Fats": "4,8 г",
        "Urglevodi": "26,5 г"
    },
    {
        "Title": "Мороженое [Ростик'c - KFC]",
        "Calories": "168 кКал",
        "Proteins": "4,7 г",
        "Fats": "4,8 г",
        "Urglevodi": "26,5 г"
    },
    {
        "Title": "Мороженое Kit Kat [Ростик'c - KFC]",
        "Calories": "196 кКал",
        "Proteins": "3,2 г",
        "Fats": "5,8 г",
        "Urglevodi": "32,7 г"
    },
    {
        "Title": "Мороженое Айс Дрим Клубника [Ростик'c - KFC]",
        "Calories": "173 кКал",
        "Proteins": "3,6 г",
        "Fats": "3,4 г",
        "Urglevodi": "32 г"
    },
    {
        "Title": "Мороженое Айс Дрим Шоколад [Ростик'c - KFC]",
        "Calories": "272 кКал",
        "Proteins": "6,2 г",
        "Fats": "5,6 г",
        "Urglevodi": "49,4 г"
    },
    {
        "Title": "Мороженое Айсдрим Клубника [Ростик'c - KFC]",
        "Calories": "252 кКал",
        "Proteins": "5,5 г",
        "Fats": "5,1 г",
        "Urglevodi": "46,2 г"
    },
    {
        "Title": "Мороженое в Рожке [Ростик'c - KFC]",
        "Calories": "131 кКал",
        "Proteins": "3,7 г",
        "Fats": "3,3 г",
        "Urglevodi": "21,5 г"
    },
    {
        "Title": "Мороженое Карамельное [Ростик'c - KFC]",
        "Calories": "158 кКал",
        "Proteins": "2,8 г",
        "Fats": "3,2 г",
        "Urglevodi": "29,4 г"
    },
    {
        "Title": "Мороженое Сникерс [Ростик'c - KFC]",
        "Calories": "186 кКал",
        "Proteins": "3,7 г",
        "Fats": "6,1 г",
        "Urglevodi": "29,1 г"
    },
    {
        "Title": "Мороженое Шоколадное [Ростик'c - KFC]",
        "Calories": "154 кКал",
        "Proteins": "3 г",
        "Fats": "3,1 г",
        "Urglevodi": "28,5 г"
    },
    {
        "Title": "Мохито [Ростик'c - KFC]",
        "Calories": "182 кКал",
        "Proteins": "0 г",
        "Fats": "0 г",
        "Urglevodi": "45,5 г"
    },
    {
        "Title": "Наггетсы [Ростик'c - KFC]",
        "Calories": "249 кКал",
        "Proteins": "10,7 г",
        "Fats": "15,3 г",
        "Urglevodi": "16,9 г"
    },
    {
        "Title": "Напиток Черная Смородина [Ростик'c - KFC]",
        "Calories": "144 кКал",
        "Proteins": "0 г",
        "Fats": "0 г",
        "Urglevodi": "36,1 г"
    },
    {
        "Title": "Ножка (3) [Ростик'c - KFC]",
        "Calories": "458 кКал",
        "Proteins": "38,2 г",
        "Fats": "26,3 г",
        "Urglevodi": "17,2 г"
    },
    {
        "Title": "Овсяная Каша [Ростик'c - KFC]",
        "Calories": "94 кКал",
        "Proteins": "3,3 г",
        "Fats": "1,9 г",
        "Urglevodi": "16 г"
    },
    {
        "Title": "Острые Крылышки [Ростик'c - KFC]",
        "Calories": "254 кКал",
        "Proteins": "13,4 г",
        "Fats": "16,8 г",
        "Urglevodi": "12,5 г"
    },
    {
        "Title": "Острый Шефбургер [Ростик'c - KFC]",
        "Calories": "239 кКал",
        "Proteins": "10,7 г",
        "Fats": "10,1 г",
        "Urglevodi": "26,2 г"
    },
    {
        "Title": "Острый Шефбургер Де Люкс [Ростик'c - KFC]",
        "Calories": "453 кКал",
        "Proteins": "25 г",
        "Fats": "22,8 г",
        "Urglevodi": "36,9 г"
    },
    {
        "Title": "Панини [Ростик'c - KFC]",
        "Calories": "519 кКал",
        "Proteins": "24,7 г",
        "Fats": "21,3 г",
        "Urglevodi": "56,8 г"
    },
    {
        "Title": "Пати-Баскет [Ростик'c - KFC]",
        "Calories": "437 кКал",
        "Proteins": "16,8 г",
        "Fats": "23,9 г",
        "Urglevodi": "38,5 г"
    },
    {
        "Title": "Печенье Шоколадное с Белым Шоколадом и Фундуком [Ростик'c - KFC]",
        "Calories": "469 кКал",
        "Proteins": "7,1 г",
        "Fats": "20,6 г",
        "Urglevodi": "63,7 г"
    },
    {
        "Title": "Пирожное Черный Лес [Ростик'c - KFC]",
        "Calories": "478 кКал",
        "Proteins": "2,7 г",
        "Fats": "19,2 г",
        "Urglevodi": "73,6 г"
    },
    {
        "Title": "Пирожок Малина-Черника [Ростик'c - KFC]",
        "Calories": "308 кКал",
        "Proteins": "3,6 г",
        "Fats": "20,8 г",
        "Urglevodi": "26,8 г"
    },
    {
        "Title": "Пирожок с Вишней [Ростик'c - KFC]",
        "Calories": "246 кКал",
        "Proteins": "2,5 г",
        "Fats": "11,9 г",
        "Urglevodi": "32,1 г"
    },
    {
        "Title": "Пирожок с Творогом [Ростик'c - KFC]",
        "Calories": "261 кКал",
        "Proteins": "5,3 г",
        "Fats": "17 г",
        "Urglevodi": "26,6 г"
    },
    {
        "Title": "Пирожок с Яблоком [Ростик'c - KFC]",
        "Calories": "303 кКал",
        "Proteins": "2,9 г",
        "Fats": "17,7 г",
        "Urglevodi": "32,9 г"
    },
    {
        "Title": "Пончик [Ростик'c - KFC]",
        "Calories": "231 кКал",
        "Proteins": "2,9 г",
        "Fats": "11 г",
        "Urglevodi": "29,3 г"
    },
    {
        "Title": "Райзер [Ростик'c - KFC]",
        "Calories": "220 кКал",
        "Proteins": "11,3 г",
        "Fats": "8,5 г",
        "Urglevodi": "24,7 г"
    },
    {
        "Title": "Ризотто с Грибами [Ростик'c - KFC]",
        "Calories": "207 кКал",
        "Proteins": "8 г",
        "Fats": "9,6 г",
        "Urglevodi": "22,2 г"
    },
    {
        "Title": "Рисбокс Терияки [Ростик'c - KFC]",
        "Calories": "357 кКал",
        "Proteins": "16,8 г",
        "Fats": "9,2 г",
        "Urglevodi": "51,8 г"
    },
    {
        "Title": "Рождественский Бургер [Ростик'c - KFC]",
        "Calories": "258 кКал",
        "Proteins": "12,7 г",
        "Fats": "12,9 г",
        "Urglevodi": "22,8 г"
    },
    {
        "Title": "Рожок [Ростик'c - KFC]",
        "Calories": "131 кКал",
        "Proteins": "3,7 г",
        "Fats": "3,3 г",
        "Urglevodi": "21,5 г"
    },
    {
        "Title": "Рожок в Глазури [Ростик'c - KFC]",
        "Calories": "171 кКал",
        "Proteins": "3,4 г",
        "Fats": "6,3 г",
        "Urglevodi": "25,3 г"
    },
    {
        "Title": "Салат Веджи [Ростик'c - KFC]",
        "Calories": "54 кКал",
        "Proteins": "2 г",
        "Fats": "2,6 г",
        "Urglevodi": "5,4 г"
    },
    {
        "Title": "Салат Коул Слоу [Ростик'c - KFC]",
        "Calories": "108 кКал",
        "Proteins": "1,4 г",
        "Fats": "6,9 г",
        "Urglevodi": "9,9 г"
    },
    {
        "Title": "Салат Летний [Ростик'c - KFC]",
        "Calories": "105 кКал",
        "Proteins": "6,5 г",
        "Fats": "5,9 г",
        "Urglevodi": "6,4 г"
    },
    {
        "Title": "Салат Терияки [Ростик'c - KFC]",
        "Calories": "257 кКал",
        "Proteins": "14,7 г",
        "Fats": "8,6 г",
        "Urglevodi": "30,4 г"
    },
    {
        "Title": "Салат Цезарь [Ростик'c - KFC]",
        "Calories": "124 кКал",
        "Proteins": "11,1 г",
        "Fats": "5,9 г",
        "Urglevodi": "6,6 г"
    },
    {
        "Title": "Салат Цезарь Лайт без Соуса [Ростик'c - KFC]",
        "Calories": "137 кКал",
        "Proteins": "10,6 г",
        "Fats": "7,3 г",
        "Urglevodi": "7,3 г"
    },
    {
        "Title": "Салат Цезарь Лайт без Соуса [Ростик'c - KFC]",
        "Calories": "137 кКал",
        "Proteins": "10,6 г",
        "Fats": "7,3 г",
        "Urglevodi": "7,3 г"
    },
    {
        "Title": "САНДВИЧ ЗИНГЕР (порция 157 гр) [Ростик'c - KFC]",
        "Calories": "362,7 кКал",
        "Proteins": "18,2 г",
        "Fats": "16,8 г",
        "Urglevodi": "34,9 г"
    },
    {
        "Title": "САНДВИЧ КЛАССИК (порция 157 гр) [Ростик'c - KFC]",
        "Calories": "345,4 кКал",
        "Proteins": "17,1 г",
        "Fats": "13,8 г",
        "Urglevodi": "38,2 г"
    },
    {
        "Title": "Сандвич Чикен Барбекю [Ростик'c - KFC]",
        "Calories": "320 кКал",
        "Proteins": "15,7 г",
        "Fats": "11,4 г",
        "Urglevodi": "38,7 г"
    },
    {
        "Title": "Сандерс [Ростик'c - KFC]",
        "Calories": "212 кКал",
        "Proteins": "10,5 г",
        "Fats": "6,1 г",
        "Urglevodi": "28,8 г"
    },
    {
        "Title": "Сандерс Баскет [Ростик'c - KFC]",
        "Calories": "295 кКал",
        "Proteins": "25,1 г",
        "Fats": "16,7 г",
        "Urglevodi": "11,2 г"
    },
    {
        "Title": "Сахар [Ростик'c - KFC]",
        "Calories": "400 кКал",
        "Proteins": "0 г",
        "Fats": "0 г",
        "Urglevodi": "100 г"
    },
    {
        "Title": "СИБИРСКАЯ КОРОНА 0,3л (порция 300 гр) [Ростик'c - KFC]",
        "Calories": "138 кКал",
        "Proteins": "0 г",
        "Fats": "0 г",
        "Urglevodi": "14,1 г"
    },
    {
        "Title": "СИБИРСКАЯ КОРОНА 0,5л (порция 500 гр) [Ростик'c - KFC]",
        "Calories": "230 кКал",
        "Proteins": "0 г",
        "Fats": "0 г",
        "Urglevodi": "23,5 г"
    },
    {
        "Title": "Сладкий Снэк Яблоко [Ростик'c - KFC]",
        "Calories": "203 кКал",
        "Proteins": "3,5 г",
        "Fats": "6,6 г",
        "Urglevodi": "32,3 г"
    },
    {
        "Title": "Соус Бальзамик [Ростик'c - KFC]",
        "Calories": "366 кКал",
        "Proteins": "0,1 г",
        "Fats": "40 г",
        "Urglevodi": "1,4 г"
    },
    {
        "Title": "Соус Барбекю [Ростик'c - KFC]",
        "Calories": "120 кКал",
        "Proteins": "1,5 г",
        "Fats": "0,1 г",
        "Urglevodi": "29 г"
    },
    {
        "Title": "Соус Деликатесный [Ростик'c - KFC]",
        "Calories": "306 кКал",
        "Proteins": "0,9 г",
        "Fats": "32,1 г",
        "Urglevodi": "3,4 г"
    },
    {
        "Title": "Соус Кисло-Сладкий Чили [Ростик'c - KFC]",
        "Calories": "160 кКал",
        "Proteins": "0,2 г",
        "Fats": "0,2 г",
        "Urglevodi": "39 г"
    },
    {
        "Title": "Соус Майонезный \"Цезарь\" [Ростик'c - KFC]",
        "Calories": "236 кКал",
        "Proteins": "1,2 г",
        "Fats": "23,6 г",
        "Urglevodi": "4,6 г"
    },
    {
        "Title": "Соус Сырный Особый [Ростик'c - KFC]",
        "Calories": "300 кКал",
        "Proteins": "1 г",
        "Fats": "29 г",
        "Urglevodi": "8,5 г"
    },
    {
        "Title": "Соус Терияки [Ростик'c - KFC]",
        "Calories": "170 кКал",
        "Proteins": "2,5 г",
        "Fats": "0 г",
        "Urglevodi": "39 г"
    },
    {
        "Title": "Соус Фруктовый \"Клюквенный\" [Ростик'c - KFC]",
        "Calories": "148 кКал",
        "Proteins": "0,1 г",
        "Fats": "0 г",
        "Urglevodi": "36,4 г"
    },
    {
        "Title": "Соус Цезарь [Ростик'c - KFC]",
        "Calories": "236 кКал",
        "Proteins": "1,3 г",
        "Fats": "24 г",
        "Urglevodi": "3,9 г"
    },
    {
        "Title": "Соус Чесночный [Ростик'c - KFC]",
        "Calories": "340 кКал",
        "Proteins": "0,5 г",
        "Fats": "33 г",
        "Urglevodi": "8,5 г"
    },
    {
        "Title": "Стар Баскет [Ростик'c - KFC]",
        "Calories": "810 кКал",
        "Proteins": "55,5 г",
        "Fats": "46,8 г",
        "Urglevodi": "41,4 г"
    },
    {
        "Title": "Стрипсы Оригинальные (3) [Ростик'c - KFC]",
        "Calories": "194 кКал",
        "Proteins": "20,4 г",
        "Fats": "7,2 г",
        "Urglevodi": "11,9 г"
    },
    {
        "Title": "Стрипсы Оригинальные (3) [Ростик'c - KFC]",
        "Calories": "194 кКал",
        "Proteins": "20,4 г",
        "Fats": "7,2 г",
        "Urglevodi": "11,9 г"
    },
    {
        "Title": "Стрипсы Оригинальные [Ростик'c - KFC]",
        "Calories": "219 кКал",
        "Proteins": "21,1 г",
        "Fats": "10 г",
        "Urglevodi": "11,3 г"
    },
    {
        "Title": "Стрипсы Острые [Ростик'c - KFC]",
        "Calories": "240 кКал",
        "Proteins": "23,1 г",
        "Fats": "12,8 г",
        "Urglevodi": "8,1 г"
    },
    {
        "Title": "Стрипсы с Соусом Терияки [Ростик'c - KFC]",
        "Calories": "215 кКал",
        "Proteins": "15,3 г",
        "Fats": "8,4 г",
        "Urglevodi": "19,6 г"
    },
    {
        "Title": "Сырники [Ростик'c - KFC]",
        "Calories": "258 кКал",
        "Proteins": "13,7 г",
        "Fats": "11,3 г",
        "Urglevodi": "25,5 г"
    },
    {
        "Title": "Сырные Подушечки (5) [Ростик'c - KFC]",
        "Calories": "383 кКал",
        "Proteins": "8 г",
        "Fats": "25,8 г",
        "Urglevodi": "29,7 г"
    },
    {
        "Title": "Сырный Соус [Ростик'c - KFC]",
        "Calories": "300 кКал",
        "Proteins": "1 г",
        "Fats": "29 г",
        "Urglevodi": "8,5 г"
    },
    {
        "Title": "Такос Сальса [Ростик'c - KFC]",
        "Calories": "261 кКал",
        "Proteins": "15 г",
        "Fats": "12,1 г",
        "Urglevodi": "23 г"
    },
    {
        "Title": "Такос Сырный [Ростик'c - KFC]",
        "Calories": "318 кКал",
        "Proteins": "15,9 г",
        "Fats": "18,8 г",
        "Urglevodi": "21,4 г"
    },
    {
        "Title": "Тауэр Русс [Ростик'c - KFC]",
        "Calories": "554 кКал",
        "Proteins": "22,1 г",
        "Fats": "35,8 г",
        "Urglevodi": "35,7 г"
    },
    {
        "Title": "Твистер Барбекю [Ростик'c - KFC]",
        "Calories": "402 кКал",
        "Proteins": "18,7 г",
        "Fats": "16,5 г",
        "Urglevodi": "45 г"
    },
    {
        "Title": "Твистер Веджи [Ростик'c - KFC]",
        "Calories": "269 кКал",
        "Proteins": "4,6 г",
        "Fats": "18 г",
        "Urglevodi": "22,2 г"
    },
    {
        "Title": "Твистер Де Люкс Оригинальный [Ростик'c - KFC]",
        "Calories": "244 кКал",
        "Proteins": "12,4 г",
        "Fats": "9,7 г",
        "Urglevodi": "26,8 г"
    },
    {
        "Title": "Твистер Де Люкс Оригинальный [Ростик'c - KFC]",
        "Calories": "503 кКал",
        "Proteins": "25,6 г",
        "Fats": "21 г",
        "Urglevodi": "53,2 г"
    },
    {
        "Title": "Твистер Де Люкс Острый [Ростик'c - KFC]",
        "Calories": "252 кКал",
        "Proteins": "12,9 г",
        "Fats": "10,7 г",
        "Urglevodi": "26,1 г"
    },
    {
        "Title": "Твистер Джуниор [Ростик'c - KFC]",
        "Calories": "237 кКал",
        "Proteins": "12,5 г",
        "Fats": "10,7 г",
        "Urglevodi": "22,6 г"
    },
    {
        "Title": "Твистер Жульен [Ростик'c - KFC]",
        "Calories": "264 кКал",
        "Proteins": "11,1 г",
        "Fats": "13,9 г",
        "Urglevodi": "23,6 г"
    },
    {
        "Title": "Твистер из Тостера Веджи [Ростик'c - KFC]",
        "Calories": "509 кКал",
        "Proteins": "9,2 г",
        "Fats": "34 г",
        "Urglevodi": "41,1 г"
    },
    {
        "Title": "ТВИСТЕР ИЗ ТОСТЕРА оригинальный (порция 192 гр) [Ростик'c - KFC]",
        "Calories": "449,3 кКал",
        "Proteins": "19,4 г",
        "Fats": "19 г",
        "Urglevodi": "49,7 г"
    },
    {
        "Title": "Твистер из Тостера Оригинальный [Ростик'c - KFC]",
        "Calories": "423 кКал",
        "Proteins": "20,2 г",
        "Fats": "18,4 г",
        "Urglevodi": "44,3 г"
    },
    {
        "Title": "ТВИСТЕР ИЗ ТОСТЕРА острый (порция 192 гр) [Ростик'c - KFC]",
        "Calories": "424,3 кКал",
        "Proteins": "18,2 г",
        "Fats": "16,3 г",
        "Urglevodi": "50,9 г"
    },
    {
        "Title": "Твистер из Тостера Острый [Ростик'c - KFC]",
        "Calories": "207 кКал",
        "Proteins": "9,4 г",
        "Fats": "8,5 г",
        "Urglevodi": "23,1 г"
    },
    {
        "Title": "Твистер Кентукки BBQ [Ростик'c - KFC]",
        "Calories": "248 кКал",
        "Proteins": "11,7 г",
        "Fats": "11 г",
        "Urglevodi": "25,5 г"
    },
    {
        "Title": "Твистер Летний [Ростик'c - KFC]",
        "Calories": "242 кКал",
        "Proteins": "10,7 г",
        "Fats": "12,2 г",
        "Urglevodi": "22,2 г"
    },
    {
        "Title": "Твистер Оригинальный [Ростик'c - KFC]",
        "Calories": "401 кКал",
        "Proteins": "22,1 г",
        "Fats": "15,9 г",
        "Urglevodi": "42,3 г"
    },
    {
        "Title": "Твистер Острый [Ростик'c - KFC]",
        "Calories": "434 кКал",
        "Proteins": "24,2 г",
        "Fats": "16,2 г",
        "Urglevodi": "48 г"
    },
    {
        "Title": "Твистер Пепперони [Ростик'c - KFC]",
        "Calories": "447 кКал",
        "Proteins": "20 г",
        "Fats": "19,1 г",
        "Urglevodi": "48,7 г"
    },
    {
        "Title": "Твистер по-Американски [Ростик'c - KFC]",
        "Calories": "426 кКал",
        "Proteins": "19 г",
        "Fats": "19,1 г",
        "Urglevodi": "44,7 г"
    },
    {
        "Title": "Твистер Русс [Ростик'c - KFC]",
        "Calories": "429 кКал",
        "Proteins": "20,1 г",
        "Fats": "19,7 г",
        "Urglevodi": "43,1 г"
    },
    {
        "Title": "Твистер Сальса [Ростик'c - KFC]",
        "Calories": "240 кКал",
        "Proteins": "11,4 г",
        "Fats": "10,9 г",
        "Urglevodi": "24,1 г"
    },
    {
        "Title": "Твистер Терияки [Ростик'c - KFC]",
        "Calories": "439 кКал",
        "Proteins": "18,9 г",
        "Fats": "16,2 г",
        "Urglevodi": "54,8 г"
    },
    {
        "Title": "Твистер Утренний [Ростик'c - KFC]",
        "Calories": "212 кКал",
        "Proteins": "10,6 г",
        "Fats": "10,4 г",
        "Urglevodi": "18,8 г"
    },
    {
        "Title": "Твистер Чиз [Ростик'c - KFC]",
        "Calories": "480 кКал",
        "Proteins": "21,4 г",
        "Fats": "22,9 г",
        "Urglevodi": "46,8 г"
    },
    {
        "Title": "Твистер Чизз-Бекон [Ростик'c - KFC]",
        "Calories": "485 кКал",
        "Proteins": "23,2 г",
        "Fats": "23,4 г",
        "Urglevodi": "45,4 г"
    },
    {
        "Title": "Тёмный Боксмастер [Ростик'c - KFC]",
        "Calories": "253 кКал",
        "Proteins": "9,2 г",
        "Fats": "14,1 г",
        "Urglevodi": "22,3 г"
    },
    {
        "Title": "Тёмный Бургер [Ростик'c - KFC]",
        "Calories": "628 кКал",
        "Proteins": "32,7 г",
        "Fats": "31,9 г",
        "Urglevodi": "52,3 г"
    },
    {
        "Title": "Тёмный Твистер [Ростик'c - KFC]",
        "Calories": "261 кКал",
        "Proteins": "11,2 г",
        "Fats": "13,5 г",
        "Urglevodi": "23,7 г"
    },
    {
        "Title": "Тирамису [Ростик'c - KFC]",
        "Calories": "354 кКал",
        "Proteins": "3,7 г",
        "Fats": "22,2 г",
        "Urglevodi": "35,5 г"
    },
    {
        "Title": "Тост с Сыром [Ростик'c - KFC]",
        "Calories": "288 кКал",
        "Proteins": "11,1 г",
        "Fats": "12 г",
        "Urglevodi": "34,1 г"
    },
    {
        "Title": "Тропический Десерт [Ростик'c - KFC]",
        "Calories": "362 кКал",
        "Proteins": "3,6 г",
        "Fats": "17,2 г",
        "Urglevodi": "48,3 г"
    },
    {
        "Title": "Фрешер [Ростик'c - KFC]",
        "Calories": "331 кКал",
        "Proteins": "16,8 г",
        "Fats": "12,2 г",
        "Urglevodi": "38,5 г"
    },
    {
        "Title": "Фрешер Летний [Ростик'c - KFC]",
        "Calories": "231 кКал",
        "Proteins": "10,4 г",
        "Fats": "10,2 г",
        "Urglevodi": "24,3 г"
    },
    {
        "Title": "ХЕЙНЕКЕН 0,5л (порция 500 гр) [Ростик'c - KFC]",
        "Calories": "230 кКал",
        "Proteins": "0 г",
        "Fats": "0 г",
        "Urglevodi": "14,5 г"
    },
    {
        "Title": "Хот-Дог [Ростик'c - KFC]",
        "Calories": "265 кКал",
        "Proteins": "13,1 г",
        "Fats": "12,1 г",
        "Urglevodi": "26 г"
    },
    {
        "Title": "Цезарь Лайт [Ростик'c - KFC]",
        "Calories": "139 кКал",
        "Proteins": "11,1 г",
        "Fats": "6,3 г",
        "Urglevodi": "9,5 г"
    },
    {
        "Title": "Черри Берри [Ростик'c - KFC]",
        "Calories": "188 кКал",
        "Proteins": "0 г",
        "Fats": "0 г",
        "Urglevodi": "47,2 г"
    },
    {
        "Title": "Чизбургер [Ростик'c - KFC]",
        "Calories": "228 кКал",
        "Proteins": "12,4 г",
        "Fats": "8,9 г",
        "Urglevodi": "24,7 г"
    },
    {
        "Title": "Чизбургер Де Люкс [Ростик'c - KFC]",
        "Calories": "205 кКал",
        "Proteins": "13,9 г",
        "Fats": "6,9 г",
        "Urglevodi": "21,8 г"
    },
    {
        "Title": "Чизбургер Жульен [Ростик'c - KFC]",
        "Calories": "242 кКал",
        "Proteins": "11 г",
        "Fats": "10,5 г",
        "Urglevodi": "25,9 г"
    },
    {
        "Title": "Чизбургер Кентукки BBQ [Ростик'c - KFC]",
        "Calories": "217 кКал",
        "Proteins": "11 г",
        "Fats": "6,1 г",
        "Urglevodi": "29,5 г"
    },
    {
        "Title": "Чизбургер с Луком [Ростик'c - KFC]",
        "Calories": "362 кКал",
        "Proteins": "23,1 г",
        "Fats": "12,8 г",
        "Urglevodi": "38,6 г"
    },
    {
        "Title": "Чизкейк New-York Карамель [Ростик'c - KFC]",
        "Calories": "289 кКал",
        "Proteins": "6,4 г",
        "Fats": "16,1 г",
        "Urglevodi": "29,6 г"
    },
    {
        "Title": "Чизкейк с Изюмом [Ростик'c - KFC]",
        "Calories": "284 кКал",
        "Proteins": "7,7 г",
        "Fats": "13,4 г",
        "Urglevodi": "32,7 г"
    },
    {
        "Title": "Чизкейк с Клубничным Топпингом [Ростик'c - KFC]",
        "Calories": "304 кКал",
        "Proteins": "7,8 г",
        "Fats": "13,5 г",
        "Urglevodi": "38,1 г"
    },
    {
        "Title": "Чизкейк с Шоколадным Топпингом [Ростик'c - KFC]",
        "Calories": "308 кКал",
        "Proteins": "7,9 г",
        "Fats": "13,6 г",
        "Urglevodi": "38,6 г"
    },
    {
        "Title": "Чикен Пепперони [Ростик'c - KFC]",
        "Calories": "366 кКал",
        "Proteins": "17,4 г",
        "Fats": "16,1 г",
        "Urglevodi": "37,9 г"
    },
    {
        "Title": "Чикен Попкорн [Ростик'c - KFC]",
        "Calories": "259 кКал",
        "Proteins": "22,3 г",
        "Fats": "11,8 г",
        "Urglevodi": "15,9 г"
    },
    {
        "Title": "Чикен Чизбургер [Ростик'c - KFC]",
        "Calories": "357 кКал",
        "Proteins": "17,1 г",
        "Fats": "14,5 г",
        "Urglevodi": "39,6 г"
    },
    {
        "Title": "Шеф Лимонад [Ростик'c - KFC]",
        "Calories": "87 кКал",
        "Proteins": "0 г",
        "Fats": "0 г",
        "Urglevodi": "20,7 г"
    },
    {
        "Title": "Шеф Такос [Ростик'c - KFC]",
        "Calories": "263 кКал",
        "Proteins": "15,3 г",
        "Fats": "14,7 г",
        "Urglevodi": "17,4 г"
    },
    {
        "Title": "Шефбургер [Ростик'c - KFC]",
        "Calories": "410 кКал",
        "Proteins": "24,2 г",
        "Fats": "19,5 г",
        "Urglevodi": "34,3 г"
    },
    {
        "Title": "Шефбургер Де Люкс [Ростик'c - KFC]",
        "Calories": "492 кКал",
        "Proteins": "27,7 г",
        "Fats": "26,7 г",
        "Urglevodi": "35,3 г"
    },
    {
        "Title": "Шефбургер Джуниор [Ростик'c - KFC]",
        "Calories": "231 кКал",
        "Proteins": "12,3 г",
        "Fats": "10,5 г",
        "Urglevodi": "21,9 г"
    },
    {
        "Title": "Шефбургер Джуниор Острый [Ростик'c - KFC]",
        "Calories": "250 кКал",
        "Proteins": "13,6 г",
        "Fats": "10 г",
        "Urglevodi": "26,5 г"
    },
    {
        "Title": "Шефбургер Острый [Ростик'c - KFC]",
        "Calories": "222 кКал",
        "Proteins": "14,3 г",
        "Fats": "9,1 г",
        "Urglevodi": "20,9 г"
    },
    {
        "Title": "Шоколадный Пирожок Клубника - Крем-Чиз [Ростик'c - KFC]",
        "Calories": "271 кКал",
        "Proteins": "3,4 г",
        "Fats": "15,7 г",
        "Urglevodi": "29,1 г"
    },
    {
        "Title": "Шоколадный Топпинг [Ростик'c - KFC]",
        "Calories": "39 кКал",
        "Proteins": "0,2 г",
        "Fats": "0,2 г",
        "Urglevodi": "9,1 г"
    },
    {
        "Title": "Шоколадный Фондан [Ростик'c - KFC]",
        "Calories": "470 кКал",
        "Proteins": "5,5 г",
        "Fats": "32 г",
        "Urglevodi": "39 г"
    },
    {
        "Title": "Шоколадный Фондан с Мороженым [Ростик'c - KFC]",
        "Calories": "334 кКал",
        "Proteins": "4,5 г",
        "Fats": "20,6 г",
        "Urglevodi": "32,5 г"
    },
    {
        "Title": "Яблочная Тарталетка [Ростик'c - KFC]",
        "Calories": "231 кКал",
        "Proteins": "12,3 г",
        "Fats": "10,5 г",
        "Urglevodi": "21,9 г"
    },
    {
        "Title": "Яблочный Десерт [Ростик'c - KFC]",
        "Calories": "207 кКал",
        "Proteins": "2,3 г",
        "Fats": "5,6 г",
        "Urglevodi": "36,9 г"
    },
    {
        "Title": "Яблочный Десерт с Мороженым [Ростик'c - KFC]",
        "Calories": "178 кКал",
        "Proteins": "2,7 г",
        "Fats": "4,7 г",
        "Urglevodi": "31,1 г"
    },
    {
        "Title": "Ягодный Пунш [Ростик'c - KFC]",
        "Calories": "22 кКал",
        "Proteins": "0,1 г",
        "Fats": "0,1 г",
        "Urglevodi": "5,2 г"
    },
    {
        "Title": "Яичница с Байтсами [Ростик'c - KFC]",
        "Calories": "223 кКал",
        "Proteins": "17,8 г",
        "Fats": "14,5 г",
        "Urglevodi": "5,3 г"
    }
]